,Intercept,Size,Price_1,Latest_Version,days_since_last_up,tamano_nombre,Category_BOOKS_AND_REFERENCE,Category_BUSINESS,Category_COMMUNICATION,Category_EDUCATION,Category_ENTERTAINMENT,Category_FINANCE,Category_FOOD_AND_DRINK,Category_GAME,Category_HEALTH_AND_FITNESS,Category_LIFESTYLE,Category_MAPS_AND_NAVIGATION,Category_MEDICAL,Category_MUSIC_AND_AUDIO,Category_NEWS_AND_MAGAZINES,Category_Other,Category_PERSONALIZATION,Category_PHOTOGRAPHY,Category_PRODUCTIVITY,Category_SHOPPING,Category_SOCIAL,Category_SPORTS,Category_TOOLS,Content_Rating_Everyone_10,Content_Rating_Adults_only_18,Content_Rating_Teen,Content_Rating_Unrated,Minimum_Version_depends_on_device_0,success,name,url
0,1.0,15916.830305217984,0.0,4.250829360699497,6.0,24.0,0.0,0.0,0.0,0.0,0.0,0.0,1.0,0.0,0.0,0.0,0.0,0.0,0.0,0.0,0.0,0.0,0.0,0.0,0.0,0.0,0.0,0.0,0.0,0.0,0.0,0.0,0.0,1,DoorDash - Food Delivery,https://play.google.com/store/apps/details?id=work.backend.android59f05ca46b62d
1,1.0,15916.830305217984,0.0,4.250829360699497,6.0,50.0,0.0,0.0,0.0,0.0,0.0,0.0,0.0,0.0,0.0,0.0,0.0,0.0,0.0,0.0,0.0,0.0,0.0,0.0,0.0,0.0,0.0,0.0,0.0,0.0,0.0,0.0,0.0,1,TripAdvisor Hotels Flights Restaurants Attractions,https://play.google.com/store/apps/details?id=com.tripadvisor.tripadvisor
2,1.0,1400.0,0.0,2.2,196.0,6.0,0.0,0.0,0.0,0.0,0.0,0.0,0.0,0.0,0.0,0.0,0.0,0.0,0.0,0.0,0.0,0.0,0.0,0.0,1.0,0.0,0.0,0.0,0.0,0.0,0.0,0.0,1.0,0,Peapod,https://play.google.com/store/apps/details?id=com.peapod.app.mobile.droid
3,1.0,16000.0,0.0,4.1,13.0,31.0,0.0,0.0,0.0,0.0,0.0,0.0,1.0,0.0,0.0,0.0,0.0,0.0,0.0,0.0,0.0,0.0,0.0,0.0,0.0,0.0,0.0,0.0,0.0,0.0,0.0,0.0,1.0,1,foodpanda - Local Food Delivery,https://play.google.com/store/apps/details?id=com.global.foodpanda.android
4,1.0,15916.830305217984,5.99,4.250829360699497,3.0,25.0,0.0,0.0,0.0,0.0,0.0,0.0,1.0,0.0,0.0,0.0,0.0,0.0,0.0,0.0,0.0,0.0,0.0,0.0,0.0,0.0,0.0,0.0,0.0,0.0,0.0,0.0,0.0,0,My CookBook Pro (Ad Free),https://play.google.com/store/apps/details?id=fr.cookbook
5,1.0,23000.0,0.0,7.6,6.0,23.0,0.0,0.0,0.0,0.0,0.0,0.0,1.0,0.0,0.0,0.0,0.0,0.0,0.0,0.0,0.0,0.0,0.0,0.0,0.0,0.0,0.0,0.0,0.0,0.0,0.0,0.0,1.0,0,Safeway Online Shopping,https://play.google.com/store/apps/details?id=com.safeway.shop
6,1.0,15916.830305217984,0.0,4.250829360699497,7.0,37.0,0.0,0.0,0.0,0.0,0.0,0.0,0.0,0.0,0.0,0.0,0.0,0.0,0.0,0.0,0.0,0.0,0.0,0.0,0.0,0.0,0.0,0.0,0.0,0.0,1.0,0.0,0.0,1,"Yelp: Food, Shopping, Services Nearby",https://play.google.com/store/apps/details?id=com.yelp.android
7,1.0,15916.830305217984,0.0,4.250829360699497,4.0,22.0,0.0,0.0,0.0,0.0,0.0,0.0,1.0,0.0,0.0,0.0,0.0,0.0,0.0,0.0,0.0,0.0,0.0,0.0,0.0,0.0,0.0,0.0,0.0,0.0,0.0,0.0,0.0,1,Talabat: Food Delivery,https://play.google.com/store/apps/details?id=com.talabat
8,1.0,4100.0,0.0,2.4,53.0,46.0,0.0,0.0,0.0,0.0,0.0,0.0,0.0,0.0,0.0,0.0,0.0,0.0,0.0,0.0,0.0,0.0,0.0,0.0,0.0,0.0,0.0,0.0,0.0,0.0,0.0,0.0,1.0,0,Fast Food Locator | Worldwide Fast Food Finder,https://play.google.com/store/apps/details?id=de.pnpq.fflocator
9,1.0,15916.830305217984,0.0,4.250829360699497,28.0,25.0,0.0,0.0,0.0,0.0,0.0,0.0,1.0,0.0,0.0,0.0,0.0,0.0,0.0,0.0,0.0,0.0,0.0,0.0,0.0,0.0,0.0,0.0,0.0,0.0,0.0,0.0,0.0,1,Allrecipes Dinner Spinner,https://play.google.com/store/apps/details?id=com.allrecipes.spinner.free
12,1.0,39000.0,0.0,6.7,8.0,11.0,0.0,0.0,0.0,0.0,0.0,0.0,0.0,0.0,0.0,1.0,0.0,0.0,0.0,0.0,0.0,0.0,0.0,0.0,0.0,0.0,0.0,0.0,0.0,0.0,0.0,0.0,1.0,0,FreshDirect,https://play.google.com/store/apps/details?id=com.hellofresh.androidapp
13,1.0,8100.0,0.0,25.0,28.0,33.0,0.0,0.0,0.0,0.0,0.0,0.0,1.0,0.0,0.0,0.0,0.0,0.0,0.0,0.0,0.0,0.0,0.0,0.0,0.0,0.0,0.0,0.0,0.0,0.0,0.0,0.0,1.0,0,Easy Healthy Recipes for free app,https://play.google.com/store/apps/details?id=com.endless.easyrecipes
14,1.0,15916.830305217984,0.0,4.250829360699497,37.0,18.0,0.0,0.0,0.0,0.0,0.0,0.0,1.0,0.0,0.0,0.0,0.0,0.0,0.0,0.0,0.0,0.0,0.0,0.0,0.0,0.0,0.0,0.0,0.0,0.0,0.0,0.0,0.0,1,Domino's Pizza USA,https://play.google.com/store/apps/details?id=nl.dominos.android
16,1.0,19000.0,0.0,6.1,14.0,11.0,0.0,0.0,0.0,0.0,0.0,0.0,1.0,0.0,0.0,0.0,0.0,0.0,0.0,0.0,0.0,0.0,0.0,0.0,0.0,0.0,0.0,0.0,0.0,0.0,0.0,0.0,1.0,1,Chick-fil-A,https://play.google.com/store/apps/details?id=pathway.schoox
17,1.0,15916.830305217984,0.0,4.250829360699497,115.0,35.0,0.0,0.0,0.0,0.0,0.0,0.0,1.0,0.0,0.0,0.0,0.0,0.0,0.0,0.0,0.0,0.0,0.0,0.0,0.0,0.0,0.0,0.0,0.0,0.0,0.0,0.0,1.0,1,Kitchen Stories - Recipes & Cooking,https://play.google.com/store/apps/details?id=com.ajnsnewmedia.kitchenstories
19,1.0,11000.0,0.0,5.1,3.0,12.0,0.0,0.0,0.0,0.0,0.0,0.0,1.0,0.0,0.0,0.0,0.0,0.0,0.0,0.0,0.0,0.0,0.0,0.0,0.0,0.0,0.0,0.0,0.0,0.0,0.0,0.0,1.0,1,Food Planner,https://play.google.com/store/apps/details?id=dk.boggie.madplan.android
20,1.0,11000.0,0.0,2.1,2.0,33.0,0.0,0.0,0.0,0.0,0.0,0.0,1.0,0.0,0.0,0.0,0.0,0.0,0.0,0.0,0.0,0.0,0.0,0.0,0.0,0.0,0.0,0.0,0.0,0.0,0.0,0.0,1.0,1,Cookpad - Create your own Recipes,https://play.google.com/store/apps/details?id=com.mufumbo.android.recipe.search
21,1.0,15916.830305217984,0.0,4.250829360699497,12.0,48.0,0.0,0.0,0.0,0.0,0.0,0.0,1.0,0.0,0.0,0.0,0.0,0.0,0.0,0.0,0.0,0.0,0.0,0.0,0.0,0.0,0.0,0.0,0.0,0.0,0.0,0.0,0.0,1,Zomato - Restaurant Finder and Food Delivery App,https://play.google.com/store/apps/details?id=com.application.zomato
23,1.0,14000.0,0.0,4.250829360699497,9.0,35.0,0.0,0.0,0.0,0.0,0.0,0.0,0.0,0.0,0.0,0.0,0.0,0.0,0.0,0.0,0.0,0.0,0.0,0.0,1.0,0.0,0.0,0.0,0.0,0.0,0.0,0.0,1.0,1,Google Express - Shopping done fast,https://play.google.com/store/apps/details?id=com.google.android.apps.googleassistant
24,1.0,38000.0,0.0,4.1,20.0,16.0,0.0,0.0,0.0,0.0,0.0,0.0,0.0,0.0,0.0,0.0,0.0,0.0,0.0,0.0,0.0,0.0,0.0,0.0,1.0,0.0,0.0,0.0,0.0,0.0,1.0,0.0,1.0,1,Amazon Prime Now,https://play.google.com/store/apps/details?id=com.amazon.avod.thirdpartyclient
27,1.0,7800.0,0.0,2.5,4.0,35.0,0.0,0.0,0.0,0.0,0.0,0.0,1.0,0.0,0.0,0.0,0.0,0.0,0.0,0.0,0.0,0.0,0.0,0.0,0.0,0.0,0.0,0.0,0.0,0.0,0.0,0.0,1.0,1,DELISH KITCHEN - ??????????????????,https://play.google.com/store/apps/details?id=tv.every.delishkitchen
29,1.0,17000.0,0.0,10.0,6.0,30.0,0.0,0.0,0.0,0.0,0.0,0.0,1.0,0.0,0.0,0.0,0.0,0.0,0.0,0.0,0.0,0.0,0.0,0.0,0.0,0.0,0.0,0.0,0.0,0.0,0.0,0.0,1.0,1,OpenTable: Restaurants Near Me,https://play.google.com/store/apps/details?id=com.opentable
31,1.0,22000.0,0.0,3.2,124.0,13.0,0.0,0.0,0.0,0.0,0.0,0.0,1.0,0.0,0.0,0.0,0.0,0.0,0.0,0.0,0.0,0.0,0.0,0.0,0.0,0.0,0.0,0.0,0.0,0.0,0.0,0.0,1.0,0,Recipe Keeper,https://play.google.com/store/apps/details?id=com.tudorspan.recipekeeper
32,1.0,25000.0,0.0,7.6,6.0,20.0,0.0,0.0,0.0,0.0,0.0,0.0,1.0,0.0,0.0,0.0,0.0,0.0,0.0,0.0,0.0,0.0,0.0,0.0,0.0,0.0,0.0,0.0,0.0,0.0,0.0,0.0,1.0,0,Vons Online Shopping,https://play.google.com/store/apps/details?id=com.vons.shop
33,1.0,46000.0,0.0,4.0,3.0,25.0,0.0,0.0,0.0,0.0,0.0,0.0,1.0,0.0,0.0,0.0,0.0,0.0,0.0,0.0,0.0,0.0,0.0,0.0,0.0,0.0,0.0,0.0,0.0,0.0,0.0,0.0,1.0,1,?????? - McDonald's Japan,https://play.google.com/store/apps/details?id=jp.co.mcdonalds.android
35,1.0,15916.830305217984,0.0,4.250829360699497,13.0,19.0,0.0,0.0,0.0,0.0,0.0,0.0,0.0,0.0,0.0,1.0,0.0,0.0,0.0,0.0,0.0,0.0,0.0,0.0,0.0,0.0,0.0,0.0,0.0,0.0,0.0,0.0,0.0,1,Find Me Gluten Free,https://play.google.com/store/apps/details?id=com.fmgf.free
37,1.0,22000.0,0.0,3.4,2.0,30.0,0.0,0.0,0.0,0.0,0.0,0.0,1.0,0.0,0.0,0.0,0.0,0.0,0.0,0.0,0.0,0.0,0.0,0.0,0.0,0.0,0.0,0.0,0.0,0.0,0.0,0.0,1.0,1,Yummly Recipes & Shopping List,https://play.google.com/store/apps/details?id=com.yummly.android
38,1.0,15916.830305217984,0.0,4.250829360699497,27.0,21.0,0.0,0.0,0.0,0.0,0.0,0.0,1.0,0.0,0.0,0.0,0.0,0.0,0.0,0.0,0.0,0.0,0.0,0.0,0.0,0.0,0.0,0.0,0.0,0.0,1.0,0.0,0.0,1,Foursquare City Guide,https://play.google.com/store/apps/details?id=com.joelapenna.foursquared
39,1.0,14000.0,0.0,5.1,2.0,27.0,0.0,0.0,0.0,0.0,0.0,0.0,1.0,0.0,0.0,0.0,0.0,0.0,0.0,0.0,0.0,0.0,0.0,0.0,0.0,0.0,0.0,0.0,0.0,0.0,0.0,0.0,1.0,1,Instacart: Grocery Delivery,https://play.google.com/store/apps/details?id=com.instacart.client
41,1.0,9500.0,0.0,1.1,2.0,5.0,0.0,0.0,0.0,0.0,0.0,0.0,1.0,0.0,0.0,0.0,0.0,0.0,0.0,0.0,0.0,0.0,0.0,0.0,0.0,0.0,0.0,0.0,0.0,0.0,0.0,0.0,1.0,1,Tasty,https://play.google.com/store/apps/details?id=com.buzzfeed.tasty
42,1.0,15000.0,0.0,4.0,48.0,30.0,0.0,0.0,0.0,0.0,0.0,0.0,1.0,0.0,0.0,0.0,0.0,0.0,0.0,0.0,0.0,0.0,0.0,0.0,0.0,0.0,0.0,0.0,0.0,0.0,0.0,0.0,1.0,1,ChefTap Recipes & Grocery List,https://play.google.com/store/apps/details?id=com.mindframedesign.cheftap.beta
43,1.0,78000.0,0.0,5.8,29.0,50.0,0.0,0.0,0.0,0.0,0.0,0.0,1.0,0.0,0.0,0.0,0.0,0.0,0.0,0.0,0.0,0.0,0.0,0.0,0.0,0.0,0.0,0.0,0.0,0.0,1.0,0.0,1.0,1,"BigOven Recipes, Meal Planner, Grocery List & More",https://play.google.com/store/apps/details?id=com.bigoven.android
44,1.0,62000.0,0.0,6.1,21.0,14.0,0.0,0.0,0.0,0.0,0.0,0.0,1.0,0.0,0.0,0.0,0.0,0.0,0.0,0.0,0.0,0.0,0.0,0.0,0.0,0.0,0.0,0.0,0.0,0.0,0.0,0.0,1.0,1,Dunkin' Donuts,https://play.google.com/store/apps/details?id=co.za.wigroup.dunkindonuts
45,1.0,13000.0,0.0,6.1,7.0,8.0,0.0,0.0,0.0,0.0,0.0,0.0,0.0,0.0,0.0,1.0,0.0,0.0,0.0,0.0,0.0,0.0,0.0,0.0,0.0,0.0,0.0,0.0,0.0,0.0,0.0,0.0,1.0,1,AroundMe,https://play.google.com/store/apps/details?id=com.tweakersoft.aroundme
46,1.0,72000.0,0.0,1.0,28.0,13.0,0.0,0.0,0.0,0.0,0.0,0.0,0.0,1.0,0.0,0.0,0.0,0.0,0.0,0.0,0.0,0.0,0.0,0.0,0.0,0.0,0.0,0.0,1.0,0.0,0.0,0.0,1.0,0,King of Crabs,https://play.google.com/store/apps/details?id=com.RobotSquid.KingOfCrabs
47,1.0,23000.0,0.0,4.1,43.0,39.0,0.0,0.0,0.0,0.0,0.0,0.0,0.0,1.0,0.0,0.0,0.0,0.0,0.0,0.0,0.0,0.0,0.0,0.0,0.0,0.0,0.0,0.0,0.0,0.0,0.0,0.0,1.0,0,Match 3 App Rewards: Daily Game Rewards,https://play.google.com/store/apps/details?id=com.dg.puzzlebrothers.match3.riches.rainbow.lucky
48,1.0,81000.0,0.0,1.3,3.0,10.0,0.0,0.0,0.0,0.0,0.0,0.0,0.0,1.0,0.0,0.0,0.0,0.0,0.0,0.0,0.0,0.0,0.0,0.0,0.0,0.0,0.0,0.0,0.0,0.0,1.0,0.0,1.0,1,Brown Dust,https://play.google.com/store/apps/details?id=com.vespainteractive.KingsRaid
49,1.0,44000.0,0.0,1.5,7.0,31.0,0.0,0.0,0.0,0.0,0.0,0.0,0.0,1.0,0.0,0.0,0.0,0.0,0.0,0.0,0.0,0.0,0.0,0.0,0.0,0.0,0.0,0.0,0.0,0.0,0.0,0.0,1.0,0,Poly - Coloring Puzzle Art Book,https://play.google.com/store/apps/details?id=com.no.poly.artbook.relax.draw.color
50,1.0,24000.0,0.0,1.0,5.0,17.0,0.0,0.0,0.0,0.0,0.0,0.0,0.0,1.0,0.0,0.0,0.0,0.0,0.0,0.0,0.0,0.0,0.0,0.0,0.0,0.0,0.0,0.0,0.0,0.0,1.0,0.0,1.0,0,Legend of Empress,https://play.google.com/store/apps/details?id=com.wyd.theempire
51,1.0,99000.0,0.0,0.7,3.0,11.0,0.0,0.0,0.0,0.0,0.0,0.0,0.0,1.0,0.0,0.0,0.0,0.0,0.0,0.0,0.0,0.0,0.0,0.0,0.0,0.0,0.0,0.0,0.0,0.0,0.0,0.0,1.0,0,Manor Diary,https://play.google.com/store/apps/details?id=com.castle.play
52,1.0,15916.830305217984,0.0,1.1,41.0,50.0,0.0,0.0,0.0,0.0,0.0,0.0,0.0,1.0,0.0,0.0,0.0,0.0,0.0,0.0,0.0,0.0,0.0,0.0,0.0,0.0,0.0,0.0,0.0,0.0,0.0,0.0,1.0,0,Driving Academy 2: Car Games & Driving School 2019,https://play.google.com/store/apps/details?id=com.games2win.drivingacademy2
53,1.0,37000.0,0.0,0.2,3.0,12.0,0.0,0.0,0.0,0.0,0.0,0.0,0.0,1.0,0.0,0.0,0.0,0.0,0.0,0.0,0.0,0.0,0.0,0.0,0.0,0.0,0.0,0.0,0.0,0.0,1.0,0.0,1.0,0,Hello Tamago,https://play.google.com/store/apps/details?id=tap.crush.egg.tamago
54,1.0,39000.0,0.0,1.0,7.0,14.0,0.0,0.0,0.0,0.0,0.0,0.0,0.0,1.0,0.0,0.0,0.0,0.0,0.0,0.0,0.0,0.0,0.0,0.0,0.0,0.0,0.0,0.0,1.0,0.0,0.0,0.0,1.0,0,Typoman Mobile,https://play.google.com/store/apps/details?id=com.ubj.typoman
55,1.0,63000.0,0.0,1.0,10.0,17.0,0.0,0.0,0.0,0.0,0.0,0.0,0.0,1.0,0.0,0.0,0.0,0.0,0.0,0.0,0.0,0.0,0.0,0.0,0.0,0.0,0.0,0.0,0.0,0.0,1.0,0.0,1.0,0,The Royal Affairs,https://play.google.com/store/apps/details?id=com.rsg.lord
56,1.0,45000.0,0.0,1.1,10.0,11.0,0.0,0.0,0.0,0.0,0.0,0.0,0.0,1.0,0.0,0.0,0.0,0.0,0.0,0.0,0.0,0.0,0.0,0.0,0.0,0.0,0.0,0.0,0.0,0.0,0.0,0.0,1.0,0,Tricky Taps,https://play.google.com/store/apps/details?id=com.crazylabs.tricky.traps.game
57,1.0,44000.0,0.0,1.1,26.0,8.0,0.0,0.0,0.0,0.0,0.0,0.0,0.0,1.0,0.0,0.0,0.0,0.0,0.0,0.0,0.0,0.0,0.0,0.0,0.0,0.0,0.0,0.0,0.0,0.0,0.0,0.0,1.0,0,Pot Shot,https://play.google.com/store/apps/details?id=com.penguinstd.kckffb
58,1.0,20000.0,0.0,1.0,26.0,39.0,0.0,0.0,0.0,0.0,0.0,0.0,0.0,1.0,0.0,0.0,0.0,0.0,0.0,0.0,0.0,0.0,0.0,0.0,0.0,0.0,0.0,0.0,0.0,0.0,1.0,0.0,1.0,0,?? Super Boy Adventure&Jungle Adventure,https://play.google.com/store/apps/details?id=super.boy.adventure.run
59,1.0,34000.0,0.0,1.1,8.0,11.0,0.0,0.0,0.0,0.0,0.0,0.0,0.0,1.0,0.0,0.0,0.0,0.0,0.0,0.0,0.0,0.0,0.0,0.0,0.0,0.0,0.0,0.0,0.0,0.0,0.0,0.0,1.0,1,Tower Color,https://play.google.com/store/apps/details?id=com.nbstudio.towercolor
60,1.0,79000.0,0.0,1.0,40.0,17.0,0.0,0.0,0.0,0.0,0.0,0.0,0.0,1.0,0.0,0.0,0.0,0.0,0.0,0.0,0.0,0.0,0.0,0.0,0.0,0.0,0.0,0.0,0.0,0.0,0.0,0.0,1.0,0,Cooking Delicious,https://play.google.com/store/apps/details?id=com.caracal.cooking
61,1.0,15916.830305217984,0.0,2.2,58.0,29.0,0.0,0.0,0.0,0.0,0.0,0.0,0.0,1.0,0.0,0.0,0.0,0.0,0.0,0.0,0.0,0.0,0.0,0.0,0.0,0.0,0.0,0.0,0.0,0.0,1.0,0.0,1.0,1,Criminal Case: The Conspiracy,https://play.google.com/store/apps/details?id=com.prettysimple.cctheconspiracyandroid
62,1.0,35000.0,0.0,1.1,8.0,11.0,0.0,0.0,0.0,0.0,0.0,0.0,0.0,1.0,0.0,0.0,0.0,0.0,0.0,0.0,0.0,0.0,0.0,0.0,0.0,0.0,0.0,0.0,0.0,0.0,0.0,0.0,1.0,0,1010! Color,https://play.google.com/store/apps/details?id=com.gramgames.london.tentencolor
63,1.0,99000.0,0.0,1.3,14.0,16.0,0.0,0.0,0.0,0.0,0.0,0.0,0.0,1.0,0.0,0.0,0.0,0.0,0.0,0.0,0.0,0.0,0.0,0.0,0.0,0.0,0.0,0.0,0.0,0.0,1.0,0.0,1.0,1,FRAG Pro Shooter,https://play.google.com/store/apps/details?id=com.ohbibi.fps
64,1.0,36000.0,0.0,1.4,3.0,11.0,0.0,0.0,0.0,0.0,0.0,0.0,0.0,1.0,0.0,0.0,0.0,0.0,0.0,0.0,0.0,0.0,0.0,0.0,0.0,0.0,0.0,0.0,0.0,0.0,0.0,0.0,1.0,0,Jewel Maker,https://play.google.com/store/apps/details?id=com.v2r.jewelmaker
65,1.0,22000.0,0.0,1.4,7.0,10.0,0.0,0.0,0.0,0.0,0.0,0.0,0.0,1.0,0.0,0.0,0.0,0.0,0.0,0.0,0.0,0.0,0.0,0.0,0.0,0.0,0.0,0.0,0.0,0.0,0.0,0.0,1.0,0,Ski Tycoon,https://play.google.com/store/apps/details?id=com.atari.mobile.rct4m
66,1.0,54000.0,0.0,1.6,7.0,11.0,0.0,0.0,0.0,0.0,0.0,0.0,0.0,1.0,0.0,0.0,0.0,0.0,0.0,0.0,0.0,0.0,0.0,0.0,0.0,0.0,0.0,0.0,1.0,0.0,0.0,0.0,1.0,0,ELCHRONICLE,https://play.google.com/store/apps/details?id=net.cravemob.elc.rel
67,1.0,54000.0,0.0,1.1,6.0,27.0,0.0,0.0,0.0,0.0,0.0,0.0,0.0,1.0,0.0,0.0,0.0,0.0,0.0,0.0,0.0,0.0,0.0,0.0,0.0,0.0,0.0,0.0,0.0,1.0,0.0,0.0,1.0,1,Overkill the Dead: Survival,https://play.google.com/store/apps/details?id=doomcity.zombiesniper.zombiekilling
68,1.0,40000.0,0.0,1.2,14.0,7.0,0.0,0.0,0.0,0.0,0.0,0.0,0.0,1.0,0.0,0.0,0.0,0.0,0.0,0.0,0.0,0.0,0.0,0.0,0.0,0.0,0.0,0.0,0.0,1.0,0.0,0.0,1.0,0,JAWS.io,https://play.google.com/store/apps/details?id=com.tapinator.shark.io
69,1.0,15916.830305217984,0.0,4.250829360699497,1.0,15.0,0.0,0.0,0.0,0.0,0.0,0.0,0.0,1.0,0.0,0.0,0.0,0.0,0.0,0.0,0.0,0.0,0.0,0.0,0.0,0.0,0.0,0.0,0.0,0.0,0.0,0.0,1.0,1,1945 Air Forces,https://play.google.com/store/apps/details?id=com.os.airforce
70,1.0,44000.0,0.0,1.0,3.0,14.0,0.0,0.0,0.0,0.0,0.0,0.0,0.0,1.0,0.0,0.0,0.0,0.0,0.0,0.0,0.0,0.0,0.0,0.0,0.0,0.0,0.0,0.0,0.0,0.0,1.0,0.0,1.0,0,Ganster Tycoon,https://play.google.com/store/apps/details?id=idlegame.money.ganster
71,1.0,90000.0,0.0,1.0,22.0,22.0,0.0,0.0,0.0,0.0,0.0,0.0,0.0,1.0,0.0,0.0,0.0,0.0,0.0,0.0,0.0,0.0,0.0,0.0,0.0,0.0,0.0,0.0,0.0,0.0,0.0,0.0,1.0,1,Pet Rescue Puzzle Saga,https://play.google.com/store/apps/details?id=com.king.petrescuepatrolsaga
72,1.0,25000.0,0.0,2.0,9.0,26.0,0.0,0.0,0.0,0.0,0.0,0.0,0.0,1.0,0.0,0.0,0.0,0.0,0.0,0.0,0.0,0.0,0.0,0.0,0.0,0.0,0.0,0.0,0.0,0.0,0.0,0.0,1.0,1,Drag n Merge: Block Puzzle,https://play.google.com/store/apps/details?id=com.metajoy.puzzlegame.dragnmerge
73,1.0,97000.0,0.0,1.6,2.0,21.0,0.0,0.0,0.0,0.0,0.0,0.0,0.0,1.0,0.0,0.0,0.0,0.0,0.0,0.0,0.0,0.0,0.0,0.0,0.0,0.0,0.0,0.0,0.0,0.0,1.0,0.0,1.0,1,LYN: The Lightbringer,https://play.google.com/store/apps/details?id=com.nexon.lyn.global
74,1.0,27000.0,0.0,1.0,7.0,20.0,0.0,0.0,0.0,0.0,0.0,0.0,0.0,1.0,0.0,0.0,0.0,0.0,0.0,0.0,0.0,0.0,0.0,0.0,0.0,0.0,0.0,0.0,0.0,0.0,0.0,0.0,1.0,0,Jump Tower Ball�Zero,https://play.google.com/store/apps/details?id=com.h8games.helixjump
75,1.0,82000.0,0.0,1.0,13.0,23.0,0.0,0.0,0.0,0.0,0.0,0.0,0.0,1.0,0.0,0.0,0.0,0.0,0.0,0.0,0.0,0.0,0.0,0.0,0.0,0.0,0.0,0.0,0.0,0.0,1.0,0.0,1.0,1,AxE: Alliance vs Empire,https://play.google.com/store/apps/details?id=com.nexon.axe.global
76,1.0,58000.0,0.0,2.0,10.0,20.0,0.0,0.0,0.0,0.0,0.0,0.0,0.0,1.0,0.0,0.0,0.0,0.0,0.0,0.0,0.0,0.0,0.0,0.0,0.0,0.0,0.0,0.0,1.0,0.0,0.0,0.0,1.0,0,Super Brawl Universe,https://play.google.com/store/apps/details?id=com.mtvn.superbrawlapp
77,1.0,40000.0,0.0,1.1,35.0,14.0,0.0,0.0,0.0,0.0,0.0,0.0,0.0,1.0,0.0,0.0,0.0,0.0,0.0,0.0,0.0,0.0,0.0,0.0,0.0,0.0,0.0,0.0,0.0,0.0,1.0,0.0,1.0,0,Dodgeball Duel,https://play.google.com/store/apps/details?id=com.matte.dodgeball
78,1.0,25000.0,0.0,1.1,23.0,24.0,0.0,0.0,0.0,0.0,0.0,0.0,0.0,1.0,0.0,0.0,0.0,0.0,0.0,0.0,0.0,0.0,0.0,0.0,0.0,0.0,0.0,0.0,0.0,1.0,0.0,0.0,1.0,0,Last Human Life on Earth,https://play.google.com/store/apps/details?id=com.wordsmobile.survival
79,1.0,55000.0,0.0,1.0,9.0,11.0,0.0,0.0,0.0,0.0,0.0,0.0,0.0,1.0,0.0,0.0,0.0,0.0,0.0,0.0,0.0,0.0,0.0,0.0,0.0,0.0,0.0,0.0,0.0,0.0,0.0,0.0,1.0,0,Candy Blast,https://play.google.com/store/apps/details?id=com.cookapps.beagles.ng003
80,1.0,37000.0,0.0,1.1,8.0,45.0,0.0,0.0,0.0,0.0,0.0,0.0,0.0,1.0,0.0,0.0,0.0,0.0,0.0,0.0,0.0,0.0,0.0,0.0,0.0,0.0,0.0,0.0,0.0,1.0,0.0,0.0,1.0,0,Bud Farm Idle - Kush Farm Growing Weed Tycoon,https://play.google.com/store/apps/details?id=com.LDRLY.budfarmidletycoon
81,1.0,43000.0,0.0,1.0,2.0,22.0,0.0,0.0,0.0,0.0,0.0,0.0,0.0,1.0,0.0,0.0,0.0,0.0,0.0,0.0,0.0,0.0,0.0,0.0,0.0,0.0,0.0,0.0,0.0,0.0,0.0,0.0,1.0,0,Cartoon Network Arcade,https://play.google.com/store/apps/details?id=com.hyperbeard.cnkleptocats
82,1.0,82000.0,0.0,1.2,14.0,10.0,0.0,0.0,0.0,0.0,0.0,0.0,0.0,1.0,0.0,0.0,0.0,0.0,0.0,0.0,0.0,0.0,0.0,0.0,0.0,0.0,0.0,0.0,0.0,0.0,0.0,0.0,1.0,1,Crowd City,https://play.google.com/store/apps/details?id=io.voodoo.crowdcity
83,1.0,64000.0,0.0,0.5,6.0,26.0,0.0,0.0,0.0,0.0,0.0,0.0,0.0,1.0,0.0,0.0,0.0,0.0,0.0,0.0,0.0,0.0,0.0,0.0,0.0,0.0,0.0,0.0,0.0,0.0,1.0,0.0,1.0,0,Mountain Sniper 3D Shooter,https://play.google.com/store/apps/details?id=com.milliongames.mountainsniper3dShooter
84,1.0,44000.0,0.0,1.0,12.0,10.0,0.0,0.0,0.0,0.0,0.0,0.0,0.0,1.0,0.0,0.0,0.0,0.0,0.0,0.0,0.0,0.0,0.0,0.0,0.0,0.0,0.0,0.0,0.0,0.0,1.0,0.0,1.0,1,Snow Drift,https://play.google.com/store/apps/details?id=com.snow.drift
85,1.0,22000.0,0.0,1.0,3.0,27.0,0.0,0.0,0.0,0.0,0.0,0.0,0.0,1.0,0.0,0.0,0.0,0.0,0.0,0.0,0.0,0.0,0.0,0.0,0.0,0.0,0.0,0.0,0.0,0.0,0.0,0.0,1.0,0,Roller Paint - Splat Puzzle,https://play.google.com/store/apps/details?id=com.neonplay.casualrollersplat2
86,1.0,47000.0,0.0,0.4,9.0,12.0,0.0,0.0,0.0,0.0,0.0,0.0,0.0,1.0,0.0,0.0,0.0,0.0,0.0,0.0,0.0,0.0,0.0,0.0,0.0,0.0,0.0,0.0,0.0,0.0,0.0,0.0,1.0,0,Dodgeball.io,https://play.google.com/store/apps/details?id=com.quok.dodgeball
87,1.0,50000.0,0.0,1.3,6.0,11.0,0.0,0.0,0.0,0.0,0.0,0.0,0.0,1.0,0.0,0.0,0.0,0.0,0.0,0.0,0.0,0.0,0.0,0.0,0.0,0.0,0.0,0.0,0.0,0.0,0.0,0.0,1.0,1,Pick Me Up�,https://play.google.com/store/apps/details?id=com.custom.pickmeup
88,1.0,33000.0,0.0,1.1,23.0,8.0,0.0,0.0,0.0,0.0,0.0,0.0,0.0,1.0,0.0,0.0,0.0,0.0,0.0,0.0,0.0,0.0,0.0,0.0,0.0,0.0,0.0,0.0,0.0,0.0,0.0,0.0,1.0,0,Go Slice,https://play.google.com/store/apps/details?id=com.luckykat.slice
89,1.0,24000.0,0.0,1.0,6.0,19.0,0.0,0.0,0.0,0.0,0.0,0.0,0.0,1.0,0.0,0.0,0.0,0.0,0.0,0.0,0.0,0.0,0.0,0.0,0.0,0.0,0.0,0.0,0.0,0.0,0.0,0.0,1.0,0,Football Field Kick,https://play.google.com/store/apps/details?id=com.Bingo.Football
90,1.0,34000.0,0.0,1.2,3.0,26.0,0.0,0.0,0.0,0.0,0.0,0.0,0.0,1.0,0.0,0.0,0.0,0.0,0.0,0.0,0.0,0.0,0.0,0.0,0.0,0.0,0.0,0.0,0.0,0.0,0.0,0.0,1.0,0,Pop Color   Coloring Pages,https://play.google.com/store/apps/details?id=com.relax.coloring.games.color.by.number.colourpop
92,1.0,89000.0,0.0,1.5,14.0,20.0,0.0,0.0,0.0,0.0,0.0,0.0,0.0,1.0,0.0,0.0,0.0,0.0,0.0,0.0,0.0,0.0,0.0,0.0,0.0,0.0,0.0,0.0,0.0,0.0,1.0,0.0,1.0,1,RAID: Shadow Legends,https://play.google.com/store/apps/details?id=com.plarium.raidlegends
93,1.0,27000.0,0.0,1.5,22.0,28.0,0.0,0.0,0.0,0.0,0.0,0.0,0.0,1.0,0.0,0.0,0.0,0.0,0.0,0.0,0.0,0.0,0.0,0.0,0.0,0.0,0.0,0.0,0.0,0.0,0.0,0.0,1.0,1,My Little Pony Pocket Ponies,https://play.google.com/store/apps/details?id=com.budgestudios.googleplay.MyLittlePonyPocketPonies
94,1.0,69000.0,0.0,1.0,24.0,34.0,0.0,0.0,0.0,0.0,0.0,0.0,0.0,1.0,0.0,0.0,0.0,0.0,0.0,0.0,0.0,0.0,0.0,0.0,0.0,0.0,0.0,0.0,0.0,0.0,0.0,0.0,1.0,1,Decurse � A New Magic Farming Game,https://play.google.com/store/apps/details?id=com.bigfishgames.tidaltowngooglef2p
95,1.0,45000.0,0.0,1.4,15.0,13.0,0.0,0.0,0.0,0.0,0.0,0.0,0.0,1.0,0.0,0.0,0.0,0.0,0.0,0.0,0.0,0.0,0.0,0.0,0.0,0.0,0.0,0.0,0.0,0.0,0.0,0.0,1.0,0,Rolly Running,https://play.google.com/store/apps/details?id=com.bdj.vortexDroid
96,1.0,52000.0,0.0,1.0,31.0,30.0,0.0,0.0,0.0,0.0,0.0,0.0,0.0,1.0,0.0,0.0,0.0,0.0,0.0,0.0,0.0,0.0,0.0,0.0,0.0,0.0,0.0,0.0,0.0,0.0,1.0,0.0,1.0,0,Alita: Battle Angel - The Game,https://play.google.com/store/apps/details?id=com.gamesclub.battle.girl
97,1.0,101000.0,0.0,1.1,6.0,12.0,0.0,0.0,0.0,0.0,0.0,0.0,0.0,1.0,0.0,0.0,0.0,0.0,0.0,0.0,0.0,0.0,0.0,0.0,0.0,0.0,0.0,0.0,0.0,0.0,0.0,0.0,1.0,1,Hidden Hotel,https://play.google.com/store/apps/details?id=com.whaleapp.hiddenhotel
98,1.0,89000.0,0.0,1.0,7.0,26.0,0.0,0.0,0.0,0.0,0.0,0.0,0.0,1.0,0.0,0.0,0.0,0.0,0.0,0.0,0.0,0.0,0.0,0.0,0.0,0.0,0.0,0.0,1.0,0.0,0.0,0.0,1.0,1,Skylanders� Ring of Heroes,https://play.google.com/store/apps/details?id=com.com2us.slroh.normal.freefull.google.global.android.common
99,1.0,71000.0,0.0,0.0,9.0,23.0,0.0,0.0,0.0,0.0,0.0,0.0,0.0,1.0,0.0,0.0,0.0,0.0,0.0,0.0,0.0,0.0,0.0,0.0,0.0,0.0,0.0,0.0,0.0,0.0,0.0,0.0,1.0,0,Wonder Park Magic Rides,https://play.google.com/store/apps/details?id=com.pixowl.wonderpark
100,1.0,20000.0,0.0,1.0,36.0,12.0,0.0,0.0,0.0,0.0,0.0,0.0,0.0,1.0,0.0,0.0,0.0,0.0,0.0,0.0,0.0,0.0,0.0,0.0,0.0,0.0,0.0,0.0,0.0,0.0,0.0,0.0,1.0,0,Swing Legend,https://play.google.com/store/apps/details?id=com.semeevs.swingrider
101,1.0,44000.0,0.0,0.0,17.0,22.0,0.0,0.0,0.0,0.0,0.0,0.0,0.0,1.0,0.0,0.0,0.0,0.0,0.0,0.0,0.0,0.0,0.0,0.0,0.0,0.0,0.0,0.0,0.0,0.0,0.0,0.0,1.0,0,Difference Find Master,https://play.google.com/store/apps/details?id=com.pps.game.find.the.diffrences
102,1.0,38000.0,0.0,1.0,43.0,30.0,0.0,0.0,0.0,0.0,0.0,0.0,0.0,1.0,0.0,0.0,0.0,0.0,0.0,0.0,0.0,0.0,0.0,0.0,0.0,0.0,0.0,0.0,0.0,0.0,1.0,0.0,1.0,0,Archer Fighter: Stickman Fight,https://play.google.com/store/apps/details?id=com.archerfighting.stickman.mon
103,1.0,66000.0,0.0,8.0,15.0,22.0,0.0,0.0,0.0,0.0,0.0,0.0,0.0,1.0,0.0,0.0,0.0,0.0,0.0,0.0,0.0,0.0,0.0,0.0,0.0,0.0,0.0,0.0,0.0,0.0,0.0,0.0,1.0,0,Linn: Path of Orchards,https://play.google.com/store/apps/details?id=com.crescentmoongames.linn
104,1.0,24000.0,0.0,3.1,8.0,10.0,0.0,0.0,0.0,0.0,0.0,0.0,0.0,0.0,0.0,0.0,0.0,0.0,1.0,0.0,0.0,0.0,0.0,0.0,0.0,0.0,0.0,0.0,0.0,0.0,1.0,0.0,1.0,1,TouchTunes,https://play.google.com/store/apps/details?id=com.goudysoft.jukebox
106,1.0,23000.0,0.0,4.2,7.0,24.0,0.0,0.0,0.0,0.0,0.0,0.0,0.0,0.0,0.0,0.0,0.0,0.0,0.0,0.0,0.0,0.0,0.0,0.0,1.0,0.0,0.0,0.0,0.0,0.0,1.0,0.0,1.0,1,Wish - Shopping Made Fun,https://play.google.com/store/apps/details?id=com.contextlogic.wish
108,1.0,17000.0,0.0,3.3,310.0,22.0,0.0,0.0,0.0,0.0,0.0,1.0,0.0,0.0,0.0,0.0,0.0,0.0,0.0,0.0,0.0,0.0,0.0,0.0,0.0,0.0,0.0,0.0,0.0,0.0,0.0,0.0,1.0,0,Moven - Smart Finances,https://play.google.com/store/apps/details?id=com.phenyotech.smartmoney
109,1.0,11000.0,0.0,1.9,9.0,11.0,0.0,0.0,0.0,0.0,0.0,1.0,0.0,0.0,0.0,0.0,0.0,0.0,0.0,0.0,0.0,0.0,0.0,0.0,0.0,0.0,0.0,0.0,0.0,0.0,0.0,0.0,1.0,1,FirstMobile,https://play.google.com/store/apps/details?id=com.firstbank.firstmobile
110,1.0,12000.0,0.0,3.1,10.0,30.0,0.0,0.0,0.0,0.0,0.0,1.0,0.0,0.0,0.0,0.0,0.0,0.0,0.0,0.0,0.0,0.0,0.0,0.0,0.0,0.0,0.0,0.0,0.0,0.0,0.0,0.0,1.0,1,Fresh EBT - Food Stamp Balance,https://play.google.com/store/apps/details?id=com.w2cyk.android.balance4ebtfree
111,1.0,18000.0,0.0,4.0,6.0,45.0,0.0,0.0,0.0,0.0,0.0,1.0,0.0,0.0,0.0,0.0,0.0,0.0,0.0,0.0,0.0,0.0,0.0,0.0,0.0,0.0,0.0,0.0,0.0,0.0,0.0,0.0,1.0,0,Current - A better bank for a brighter future,https://play.google.com/store/apps/details?id=us.current.android
114,1.0,16000.0,0.0,4.9,14.0,50.0,0.0,0.0,0.0,0.0,0.0,1.0,0.0,0.0,0.0,0.0,0.0,0.0,0.0,0.0,0.0,0.0,0.0,0.0,0.0,0.0,0.0,0.0,0.0,0.0,0.0,0.0,1.0,1,QuickBooks Self-Employed:Mileage Tracker and Taxes,https://play.google.com/store/apps/details?id=com.intuit.quickbooks
115,1.0,15916.830305217984,0.0,4.250829360699497,148.0,12.0,0.0,0.0,0.0,0.0,0.0,1.0,0.0,0.0,0.0,0.0,0.0,0.0,0.0,0.0,0.0,0.0,0.0,0.0,0.0,0.0,0.0,0.0,0.0,0.0,0.0,0.0,0.0,1,MetaTrader 5,https://play.google.com/store/apps/details?id=net.metaquotes.metatrader5
116,1.0,22000.0,0.0,2.7,7.0,23.0,0.0,0.0,0.0,0.0,0.0,1.0,0.0,0.0,0.0,0.0,0.0,0.0,0.0,0.0,0.0,0.0,0.0,0.0,0.0,0.0,0.0,0.0,0.0,0.0,0.0,0.0,1.0,0,Simple - Better Banking,https://play.google.com/store/apps/details?id=com.revolut.revolut
117,1.0,15916.830305217984,0.0,4.250829360699497,36.0,17.0,0.0,0.0,0.0,0.0,0.0,1.0,0.0,0.0,0.0,0.0,0.0,0.0,0.0,0.0,0.0,0.0,0.0,0.0,0.0,0.0,0.0,0.0,0.0,0.0,0.0,0.0,0.0,1,La Banque Postale,https://play.google.com/store/apps/details?id=com.fullsix.android.labanquepostale.accountaccess
118,1.0,23000.0,0.0,2.4,7.0,30.0,0.0,0.0,0.0,0.0,0.0,1.0,0.0,0.0,0.0,0.0,0.0,0.0,0.0,0.0,0.0,0.0,0.0,0.0,0.0,0.0,0.0,0.0,0.0,0.0,0.0,0.0,1.0,1,Digit Save Money Automatically,https://play.google.com/store/apps/details?id=com.mobills.fiftytwoweeks
119,1.0,20000.0,0.0,7.2,1.0,41.0,0.0,0.0,0.0,0.0,0.0,1.0,0.0,0.0,0.0,0.0,0.0,0.0,0.0,0.0,0.0,0.0,0.0,0.0,0.0,0.0,0.0,0.0,0.0,0.0,0.0,0.0,1.0,1,Even - How busy people master their money,https://play.google.com/store/apps/details?id=proxima.moneyapp.android
120,1.0,15916.830305217984,0.0,4.250829360699497,8.0,46.0,0.0,0.0,0.0,0.0,0.0,1.0,0.0,0.0,0.0,0.0,0.0,0.0,0.0,0.0,0.0,0.0,0.0,0.0,0.0,0.0,0.0,0.0,0.0,0.0,0.0,0.0,0.0,1,"Robinhood: Invest in Stock, Crypto, ETF & Coin",https://play.google.com/store/apps/details?id=org.dayup.stocks
122,1.0,36000.0,0.0,3.4,8.0,29.0,0.0,0.0,0.0,0.0,0.0,1.0,0.0,0.0,0.0,0.0,0.0,0.0,0.0,0.0,0.0,0.0,0.0,0.0,0.0,0.0,0.0,0.0,0.0,0.0,0.0,0.0,1.0,1,Qapital: Save. Invest. Spend.,https://play.google.com/store/apps/details?id=com.yellocus.savingsapp
123,1.0,56000.0,0.0,8.1,15.0,30.0,0.0,0.0,0.0,0.0,0.0,1.0,0.0,0.0,0.0,0.0,0.0,0.0,0.0,0.0,0.0,0.0,0.0,0.0,0.0,0.0,0.0,0.0,0.0,0.0,0.0,0.0,1.0,1,Bank of America Mobile Banking,https://play.google.com/store/apps/details?id=com.bankofamerica.eventsplanner
124,1.0,63000.0,0.0,2.1,30.0,25.0,0.0,0.0,0.0,0.0,0.0,1.0,0.0,0.0,0.0,0.0,0.0,0.0,0.0,0.0,0.0,0.0,0.0,0.0,0.0,0.0,0.0,0.0,0.0,0.0,0.0,0.0,1.0,0,Taxfyle - Tax Accountants,https://play.google.com/store/apps/details?id=com.taxfyle.TaxfyleMobile
125,1.0,15916.830305217984,0.0,4.250829360699497,8.0,48.0,0.0,0.0,0.0,0.0,0.0,1.0,0.0,0.0,0.0,0.0,0.0,0.0,0.0,0.0,0.0,0.0,0.0,0.0,0.0,0.0,0.0,0.0,0.0,0.0,0.0,0.0,0.0,1,"Moneycontrol � Stocks, Sensex, Mutual Funds, IPO",https://play.google.com/store/apps/details?id=com.divum.MoneyControl
126,1.0,9300.0,0.0,1.4,289.0,50.0,0.0,0.0,0.0,0.0,0.0,1.0,0.0,0.0,0.0,0.0,0.0,0.0,0.0,0.0,0.0,0.0,0.0,0.0,0.0,0.0,0.0,0.0,0.0,0.0,0.0,0.0,1.0,0,"WalletHub - Free Credit Score, Report & Monitoring",https://play.google.com/store/apps/details?id=org.creditreport.bureaus.credit_calculator
127,1.0,13000.0,0.0,2.4,1.0,8.0,0.0,0.0,0.0,0.0,0.0,1.0,0.0,0.0,0.0,0.0,0.0,0.0,0.0,0.0,0.0,0.0,0.0,0.0,0.0,0.0,0.0,0.0,0.0,0.0,0.0,0.0,1.0,1,Cash App,https://play.google.com/store/apps/details?id=proxima.easymoney.android
128,1.0,16000.0,0.0,5.1,120.0,30.0,0.0,0.0,0.0,0.0,0.0,1.0,0.0,0.0,0.0,0.0,0.0,0.0,0.0,0.0,0.0,0.0,0.0,0.0,0.0,0.0,0.0,0.0,0.0,0.0,0.0,0.0,1.0,0,Associated Credit Union Mobile,https://play.google.com/store/apps/details?id=com.ifs.mobilebanking.fiid3919
129,1.0,17000.0,0.0,20.0,7.0,50.0,0.0,0.0,0.0,0.0,0.0,1.0,0.0,0.0,0.0,0.0,0.0,0.0,0.0,0.0,0.0,0.0,0.0,0.0,0.0,0.0,0.0,0.0,0.0,0.0,0.0,0.0,1.0,0,"Hurdlr: Car Mileage Tracker, Expense & Receipt Log",https://play.google.com/store/apps/details?id=pl.gswierczynski.motolog
130,1.0,15916.830305217984,0.0,4.250829360699497,15.0,28.0,0.0,0.0,0.0,0.0,0.0,1.0,0.0,0.0,0.0,0.0,0.0,0.0,0.0,0.0,0.0,0.0,0.0,0.0,0.0,0.0,0.0,0.0,0.0,0.0,0.0,0.0,0.0,1,Bluebird by American Express,https://play.google.com/store/apps/details?id=com.americanexpress.android.acctsvcs.icc
131,1.0,8100.0,0.0,1.2,37.0,27.0,0.0,0.0,0.0,0.0,0.0,1.0,0.0,0.0,0.0,0.0,0.0,0.0,0.0,0.0,0.0,0.0,0.0,0.0,0.0,0.0,0.0,0.0,0.0,0.0,0.0,0.0,1.0,1,CreditWise from Capital One,https://play.google.com/store/apps/details?id=com.creditwisecapital
132,1.0,22000.0,0.0,3.7,11.0,29.0,0.0,0.0,0.0,0.0,0.0,1.0,0.0,0.0,0.0,0.0,0.0,0.0,0.0,0.0,0.0,0.0,0.0,0.0,0.0,0.0,0.0,0.0,0.0,0.0,0.0,0.0,1.0,0,Receipts by Wave for business,https://play.google.com/store/apps/details?id=com.waveaccounting.receipts
133,1.0,3400.0,0.0,5.4,140.0,6.0,0.0,0.0,0.0,0.0,0.0,1.0,0.0,0.0,0.0,0.0,0.0,0.0,0.0,0.0,0.0,0.0,0.0,0.0,0.0,0.0,0.0,0.0,0.0,0.0,0.0,0.0,1.0,1,IRS2Go,https://play.google.com/store/apps/details?id=gov.irs
134,1.0,1400.0,0.0,1.1,609.0,18.0,0.0,0.0,0.0,0.0,0.0,1.0,0.0,0.0,0.0,0.0,0.0,0.0,0.0,0.0,0.0,0.0,0.0,0.0,0.0,0.0,0.0,0.0,0.0,0.0,0.0,0.0,1.0,1,NSE Mobile Trading,https://play.google.com/store/apps/details?id=com.msf.nse
135,1.0,23000.0,0.0,5.2,217.0,14.0,0.0,0.0,0.0,0.0,0.0,1.0,0.0,0.0,0.0,0.0,0.0,0.0,0.0,0.0,0.0,0.0,0.0,0.0,0.0,0.0,0.0,0.0,0.0,0.0,0.0,0.0,1.0,1,BankMobile App,https://play.google.com/store/apps/details?id=com.higherone.mobile.android
136,1.0,48000.0,0.0,7.4,12.0,7.0,0.0,0.0,0.0,0.0,0.0,1.0,0.0,0.0,0.0,0.0,0.0,0.0,0.0,0.0,0.0,0.0,0.0,0.0,0.0,0.0,0.0,0.0,0.0,0.0,0.0,0.0,1.0,1,MyBlock,https://play.google.com/store/apps/details?id=com.addictive.puzzle.block
137,1.0,15916.830305217984,0.0,4.250829360699497,92.0,47.0,0.0,0.0,0.0,0.0,0.0,1.0,0.0,0.0,0.0,0.0,0.0,0.0,0.0,0.0,0.0,0.0,0.0,0.0,0.0,0.0,0.0,0.0,0.0,0.0,0.0,0.0,0.0,1,CNBC: Breaking Business News & Live Market Data,https://play.google.com/store/apps/details?id=com.network18.cnbctv18
138,1.0,62000.0,0.0,2.4,3.0,9.0,0.0,0.0,0.0,0.0,0.0,1.0,0.0,0.0,0.0,0.0,0.0,0.0,0.0,0.0,0.0,0.0,0.0,0.0,0.0,0.0,0.0,0.0,0.0,0.0,0.0,0.0,1.0,1,U.S. Bank,https://play.google.com/store/apps/details?id=com.fi9908.godough
139,1.0,34000.0,0.0,5.4,2.0,28.0,0.0,0.0,0.0,0.0,0.0,1.0,0.0,0.0,0.0,0.0,0.0,0.0,0.0,0.0,0.0,0.0,0.0,0.0,0.0,0.0,0.0,0.0,0.0,0.0,0.0,0.0,1.0,1,"Mint: Budget, Bills, Finance",https://play.google.com/store/apps/details?id=com.youneedabudget.evergreen.app
141,1.0,44000.0,0.0,6.7,8.0,10.0,0.0,0.0,0.0,0.0,0.0,1.0,0.0,0.0,0.0,0.0,0.0,0.0,0.0,0.0,0.0,0.0,0.0,0.0,0.0,0.0,0.0,0.0,0.0,0.0,0.0,0.0,1.0,1,Banco Ita�,https://play.google.com/store/apps/details?id=com.itau
142,1.0,78000.0,0.0,4.0,8.0,14.0,0.0,0.0,0.0,0.0,0.0,1.0,0.0,0.0,0.0,0.0,0.0,0.0,0.0,0.0,0.0,0.0,0.0,0.0,0.0,0.0,0.0,0.0,0.0,0.0,0.0,0.0,1.0,0,TaxAct Express,https://play.google.com/store/apps/details?id=com.act.events
143,1.0,31000.0,0.0,4.1,2.0,45.0,0.0,0.0,0.0,0.0,0.0,1.0,0.0,0.0,0.0,0.0,0.0,0.0,0.0,0.0,0.0,0.0,0.0,0.0,0.0,0.0,0.0,0.0,0.0,0.0,0.0,0.0,1.0,0,"NerdWallet: Credit Score, Budgeting & Finance",https://play.google.com/store/apps/details?id=com.colpit.diamondcoming.isavemoney
144,1.0,44000.0,0.0,2.2,63.0,28.0,0.0,0.0,0.0,0.0,0.0,1.0,0.0,0.0,0.0,0.0,0.0,0.0,0.0,0.0,0.0,0.0,0.0,0.0,0.0,0.0,0.0,0.0,0.0,0.0,0.0,0.0,1.0,0,WiseBanyan - Invest For Free,https://play.google.com/store/apps/details?id=com.rubicoin.invest
145,1.0,51000.0,0.0,6.7,34.0,20.0,0.0,0.0,0.0,0.0,0.0,1.0,0.0,0.0,0.0,0.0,0.0,0.0,0.0,0.0,0.0,0.0,0.0,0.0,0.0,0.0,0.0,0.0,0.0,0.0,0.0,0.0,1.0,1,BBVA Compass Banking,https://play.google.com/store/apps/details?id=com.bbva.bbvacontigo
146,1.0,11000.0,0.0,1.1,1.0,27.0,0.0,0.0,0.0,0.0,0.0,1.0,0.0,0.0,0.0,0.0,0.0,0.0,0.0,0.0,0.0,0.0,0.0,0.0,0.0,0.0,0.0,0.0,0.0,0.0,0.0,0.0,1.0,1,Stash: Invest. Learn. Save.,https://play.google.com/store/apps/details?id=com.awp.stashaway
147,1.0,44000.0,0.0,6.2,10.0,25.0,0.0,0.0,0.0,0.0,0.0,1.0,0.0,0.0,0.0,0.0,0.0,0.0,0.0,0.0,0.0,0.0,0.0,0.0,0.0,0.0,0.0,0.0,0.0,0.0,0.0,0.0,1.0,1,Navy Federal Credit Union,https://play.google.com/store/apps/details?id=com.navyfederal.android
149,1.0,14000.0,0.0,3.2,7.0,14.0,0.0,0.0,0.0,0.0,0.0,1.0,0.0,0.0,0.0,0.0,0.0,0.0,0.0,0.0,0.0,0.0,0.0,0.0,0.0,0.0,0.0,0.0,0.0,0.0,0.0,0.0,1.0,1,Mobills Budget,https://play.google.com/store/apps/details?id=br.com.gerenciadorfinanceiro.controller
150,1.0,15916.830305217984,0.0,4.250829360699497,52.0,9.0,0.0,0.0,0.0,0.0,0.0,1.0,0.0,0.0,0.0,0.0,0.0,0.0,0.0,0.0,0.0,0.0,0.0,0.0,0.0,0.0,0.0,0.0,0.0,0.0,0.0,0.0,0.0,1,Ma Banque,https://play.google.com/store/apps/details?id=fr.creditagricole.androidapp
151,1.0,24000.0,0.0,5.3,2.0,8.0,0.0,0.0,0.0,0.0,0.0,1.0,0.0,0.0,0.0,0.0,0.0,0.0,0.0,0.0,0.0,0.0,0.0,0.0,0.0,0.0,0.0,0.0,0.0,0.0,0.0,0.0,1.0,1,Netspend,https://play.google.com/store/apps/details?id=com.paypal.android.p2pmobile
153,1.0,15916.830305217984,0.0,6.3,44.0,14.0,0.0,0.0,0.0,0.0,0.0,1.0,0.0,0.0,0.0,0.0,0.0,0.0,0.0,0.0,0.0,0.0,0.0,0.0,0.0,0.0,0.0,0.0,0.0,0.0,0.0,0.0,1.0,1,Diamond Mobile,https://play.google.com/store/apps/details?id=com.vanso.diamondmobileapp
154,1.0,15916.830305217984,0.0,2.9,35.0,22.0,0.0,0.0,0.0,0.0,0.0,1.0,0.0,0.0,0.0,0.0,0.0,0.0,0.0,0.0,0.0,0.0,0.0,0.0,0.0,0.0,0.0,0.0,0.0,0.0,0.0,0.0,0.0,1,Intesa Sanpaolo Mobile,https://play.google.com/store/apps/details?id=com.latuabancaperandroid
155,1.0,9500.0,0.0,2.4,20.0,30.0,0.0,0.0,0.0,0.0,0.0,1.0,0.0,0.0,0.0,0.0,0.0,0.0,0.0,0.0,0.0,0.0,0.0,0.0,0.0,0.0,0.0,0.0,0.0,0.0,0.0,0.0,1.0,0,myFICO - Official FICO� Scores,https://play.google.com/store/apps/details?id=com.gr0421.creditscorecheck
156,1.0,11000.0,0.0,4.250829360699497,10.0,30.0,0.0,0.0,0.0,0.0,1.0,0.0,0.0,0.0,0.0,0.0,0.0,0.0,0.0,0.0,0.0,0.0,0.0,0.0,0.0,0.0,0.0,0.0,0.0,0.0,1.0,0.0,0.0,1,Fandango Movie Tickets & Times,https://play.google.com/store/apps/details?id=ticketnew.android.ui
157,1.0,33000.0,0.0,4.9,8.0,46.0,0.0,0.0,0.0,0.0,0.0,1.0,0.0,0.0,0.0,0.0,0.0,0.0,0.0,0.0,0.0,0.0,0.0,0.0,0.0,0.0,0.0,0.0,0.0,0.0,0.0,0.0,1.0,1,"Investing.com: Stocks, Finance, Markets & News",https://play.google.com/store/apps/details?id=com.fusionmedia.investing
159,1.0,49000.0,0.0,1.8,9.0,7.0,0.0,0.0,0.0,0.0,0.0,1.0,0.0,0.0,0.0,0.0,0.0,0.0,0.0,0.0,0.0,0.0,0.0,0.0,0.0,0.0,0.0,0.0,0.0,0.0,0.0,0.0,1.0,1,NH?????,https://play.google.com/store/apps/details?id=com.mo2o.nh
160,1.0,15916.830305217984,0.0,4.250829360699497,8.0,10.0,0.0,0.0,0.0,0.0,0.0,1.0,0.0,0.0,0.0,0.0,0.0,0.0,0.0,0.0,0.0,0.0,0.0,0.0,0.0,0.0,0.0,0.0,0.0,0.0,0.0,0.0,0.0,1,Google Pay,https://play.google.com/store/apps/details?id=com.google.android.play.games
161,1.0,39000.0,0.0,4.5,2.0,28.0,0.0,0.0,0.0,0.0,0.0,1.0,0.0,0.0,0.0,0.0,0.0,0.0,0.0,0.0,0.0,0.0,0.0,0.0,0.0,0.0,0.0,0.0,0.0,0.0,0.0,0.0,1.0,1,Citizens Bank Mobile Banking,https://play.google.com/store/apps/details?id=com.fi7155.godough
163,1.0,15916.830305217984,0.0,4.250829360699497,157.0,12.0,0.0,0.0,0.0,0.0,0.0,1.0,0.0,0.0,0.0,0.0,0.0,0.0,0.0,0.0,0.0,0.0,0.0,0.0,0.0,0.0,0.0,0.0,0.0,0.0,0.0,0.0,0.0,1,MetaTrader 4,https://play.google.com/store/apps/details?id=net.metaquotes.metatrader4
164,1.0,15916.830305217984,0.0,4.250829360699497,6.0,6.0,0.0,0.0,0.0,0.0,0.0,0.0,0.0,0.0,0.0,0.0,0.0,0.0,0.0,0.0,0.0,0.0,0.0,0.0,0.0,0.0,0.0,0.0,0.0,0.0,0.0,0.0,0.0,1,Airbnb,https://play.google.com/store/apps/details?id=com.airbnb.android
166,1.0,27000.0,0.0,5.1,3.0,22.0,0.0,0.0,0.0,0.0,0.0,1.0,0.0,0.0,0.0,0.0,0.0,0.0,0.0,0.0,0.0,0.0,0.0,0.0,0.0,0.0,0.0,0.0,0.0,0.0,0.0,0.0,1.0,1,Chime - Mobile Banking,https://play.google.com/store/apps/details?id=com.amazon.chime
168,1.0,15916.830305217984,0.0,4.250829360699497,2.0,12.0,0.0,0.0,0.0,0.0,0.0,1.0,0.0,0.0,0.0,0.0,0.0,0.0,0.0,0.0,0.0,0.0,0.0,0.0,0.0,0.0,0.0,0.0,0.0,0.0,0.0,0.0,0.0,1,Credit Karma,https://play.google.com/store/apps/details?id=com.creditscore.reportfree
169,1.0,21000.0,0.0,6.5,8.0,50.0,0.0,0.0,0.0,0.0,0.0,1.0,0.0,0.0,0.0,0.0,0.0,0.0,0.0,0.0,0.0,0.0,0.0,0.0,0.0,0.0,0.0,0.0,0.0,0.0,0.0,0.0,1.0,0,Betterment: Money Management and Financial Advisor,https://play.google.com/store/apps/details?id=com.mihaicostea.financialplanning
170,1.0,23000.0,0.0,1.2,6.0,30.0,0.0,0.0,0.0,0.0,0.0,1.0,0.0,0.0,0.0,0.0,0.0,0.0,0.0,0.0,0.0,0.0,0.0,0.0,0.0,0.0,0.0,0.0,0.0,0.0,0.0,0.0,1.0,1,MSN Money- Stock Quotes & News,https://play.google.com/store/apps/details?id=com.microsoft.amp.apps.bingfinance
172,1.0,15916.830305217984,0.0,4.250829360699497,17.0,13.0,0.0,0.0,0.0,0.0,0.0,1.0,0.0,0.0,0.0,0.0,0.0,0.0,0.0,0.0,0.0,0.0,0.0,0.0,0.0,0.0,0.0,0.0,0.0,0.0,0.0,0.0,0.0,1,Seeking Alpha,https://play.google.com/store/apps/details?id=com.seekingalpha.webwrapper
174,1.0,25000.0,0.0,2.1,15.0,38.0,0.0,0.0,0.0,0.0,0.0,1.0,0.0,0.0,0.0,0.0,0.0,0.0,0.0,0.0,0.0,0.0,0.0,0.0,0.0,0.0,0.0,0.0,0.0,0.0,0.0,0.0,1.0,0,"Veryfi - expenses, receipts & projects",https://play.google.com/store/apps/details?id=com.iqboxyinc.iqboxy
175,1.0,4800.0,0.0,1.2,1.0,31.0,0.0,0.0,0.0,0.0,0.0,1.0,0.0,0.0,0.0,0.0,0.0,0.0,0.0,0.0,0.0,0.0,0.0,0.0,0.0,0.0,0.0,0.0,0.0,0.0,0.0,0.0,1.0,1,Branch - Personal Finance Loans,https://play.google.com/store/apps/details?id=com.gopaysense.android.boost
177,1.0,40000.0,0.0,5.7,14.0,17.0,0.0,0.0,0.0,0.0,0.0,1.0,0.0,0.0,0.0,0.0,0.0,0.0,0.0,0.0,0.0,0.0,0.0,0.0,0.0,0.0,0.0,0.0,0.0,0.0,0.0,0.0,1.0,1,Huntington Mobile,https://play.google.com/store/apps/details?id=com.huntingtonhospital.engage
178,1.0,15916.830305217984,0.0,4.250829360699497,6.0,28.0,0.0,0.0,0.0,0.0,0.0,1.0,0.0,0.0,0.0,0.0,0.0,0.0,0.0,0.0,0.0,0.0,0.0,0.0,0.0,0.0,0.0,0.0,0.0,0.0,0.0,0.0,0.0,1,Acorns - Invest Spare Change,https://play.google.com/store/apps/details?id=com.rewardable.acornhunt
179,1.0,99000.0,0.0,1.1,65.0,28.0,0.0,0.0,0.0,1.0,0.0,0.0,0.0,0.0,0.0,0.0,0.0,0.0,0.0,0.0,0.0,0.0,0.0,0.0,0.0,0.0,0.0,0.0,0.0,0.0,0.0,0.0,1.0,0,Wonder for Dash & Dot Robots,https://play.google.com/store/apps/details?id=com.makewonder.wonder
180,1.0,23000.0,0.0,1.0,136.0,26.0,0.0,0.0,0.0,1.0,0.0,0.0,0.0,0.0,0.0,0.0,0.0,0.0,0.0,0.0,0.0,0.0,0.0,0.0,0.0,0.0,0.0,0.0,0.0,0.0,0.0,0.0,1.0,1,King of Math Junior - Free,https://play.google.com/store/apps/details?id=com.oddrobo.komjfree
181,1.0,48000.0,0.0,6.3,76.0,49.0,0.0,0.0,0.0,1.0,0.0,0.0,0.0,0.0,0.0,0.0,0.0,0.0,0.0,0.0,0.0,0.0,0.0,0.0,0.0,0.0,0.0,0.0,0.0,0.0,0.0,0.0,1.0,1,Kindergarten Kids Learning: Fun Educational Games,https://play.google.com/store/apps/details?id=com.greysprings.kindergarten8
182,1.0,37000.0,0.0,1.0,953.0,23.0,0.0,0.0,0.0,1.0,0.0,0.0,0.0,0.0,0.0,0.0,0.0,0.0,0.0,0.0,0.0,0.0,0.0,0.0,0.0,0.0,0.0,0.0,0.0,0.0,0.0,0.0,1.0,0,Duck Duck Moose Reading,https://play.google.com/store/apps/details?id=com.duckduckmoosedesign.kindread
183,1.0,26000.0,0.0,2.7,169.0,26.0,0.0,0.0,0.0,1.0,0.0,0.0,0.0,0.0,0.0,0.0,0.0,0.0,0.0,0.0,0.0,0.0,0.0,0.0,0.0,0.0,0.0,0.0,0.0,0.0,0.0,0.0,1.0,1,Shapes & Colors Music Show,https://play.google.com/store/apps/details?id=air.fisherprice.com.shapesAndColors
184,1.0,9500.0,0.0,1.2,914.0,26.0,0.0,0.0,0.0,1.0,0.0,0.0,0.0,0.0,0.0,0.0,0.0,0.0,0.0,0.0,0.0,0.0,0.0,0.0,0.0,0.0,0.0,0.0,0.0,0.0,0.0,0.0,1.0,0,devLearn: Coding Made Easy,https://play.google.com/store/apps/details?id=com.devlearnapp.devlearn
185,1.0,32000.0,0.0,3.7,25.0,42.0,0.0,0.0,0.0,0.0,0.0,0.0,0.0,1.0,0.0,0.0,0.0,0.0,0.0,0.0,0.0,0.0,0.0,0.0,0.0,0.0,0.0,0.0,0.0,0.0,0.0,0.0,1.0,0,Toddler Learning Games - Little Kids Games,https://play.google.com/store/apps/details?id=com.greysprings.kidstoddlergames
186,1.0,15916.830305217984,0.0,1.0,466.0,47.0,0.0,0.0,0.0,1.0,0.0,0.0,0.0,0.0,0.0,0.0,0.0,0.0,0.0,0.0,0.0,0.0,0.0,0.0,0.0,0.0,0.0,0.0,0.0,0.0,0.0,0.0,1.0,0,Learn with Mondly: Free language games for kids,https://play.google.com/store/apps/details?id=com.atistudios.mondly.kids.languages
187,1.0,58000.0,0.0,29.0,17.0,11.0,0.0,0.0,0.0,1.0,0.0,0.0,0.0,0.0,0.0,0.0,0.0,0.0,0.0,0.0,0.0,0.0,0.0,0.0,0.0,0.0,0.0,0.0,0.0,0.0,0.0,0.0,1.0,1,ABC Phonics,https://play.google.com/store/apps/details?id=kr.co.smartstudy.phonicsiap_android_googlemarket
189,1.0,25000.0,0.0,1.2,155.0,9.0,0.0,0.0,0.0,1.0,0.0,0.0,0.0,0.0,0.0,0.0,0.0,0.0,0.0,0.0,0.0,0.0,0.0,0.0,0.0,0.0,0.0,0.0,0.0,0.0,0.0,0.0,1.0,1,ScratchJr,https://play.google.com/store/apps/details?id=org.scratchjr.android
190,1.0,79000.0,0.0,1.0,845.0,27.0,0.0,0.0,0.0,0.0,0.0,0.0,0.0,1.0,0.0,0.0,0.0,0.0,0.0,0.0,0.0,0.0,0.0,0.0,0.0,0.0,0.0,0.0,0.0,0.0,0.0,0.0,1.0,0,Boogie Bot - Learn to code.,https://play.google.com/store/apps/details?id=com.nybleapps.BoogieBot1
191,1.0,2900.0,0.0,1.0,87.0,20.0,0.0,0.0,0.0,0.0,0.0,0.0,0.0,1.0,0.0,0.0,0.0,0.0,0.0,0.0,0.0,0.0,0.0,0.0,0.0,0.0,0.0,0.0,0.0,0.0,0.0,0.0,1.0,0,Toddlers Magic Flute,https://play.google.com/store/apps/details?id=tr.com.alyaka.alper.toddlersmagicflute
193,1.0,55000.0,0.0,1.9,112.0,31.0,0.0,0.0,0.0,0.0,0.0,0.0,0.0,1.0,0.0,0.0,0.0,0.0,0.0,0.0,0.0,0.0,0.0,0.0,0.0,0.0,0.0,0.0,0.0,0.0,0.0,0.0,1.0,1,Toddler games for 2-5 year olds,https://play.google.com/store/apps/details?id=com.bimiboo.playandlearn
195,1.0,38000.0,0.0,3.1,323.0,28.0,0.0,0.0,0.0,0.0,0.0,0.0,0.0,1.0,0.0,0.0,0.0,0.0,0.0,0.0,0.0,0.0,0.0,0.0,0.0,0.0,0.0,0.0,0.0,0.0,0.0,0.0,1.0,1,Kids Educational Game 3 Free,https://play.google.com/store/apps/details?id=com.pescapps.gamekidsfree3
196,1.0,21000.0,0.0,2.6,169.0,22.0,0.0,0.0,0.0,1.0,0.0,0.0,0.0,0.0,0.0,0.0,0.0,0.0,0.0,0.0,0.0,0.0,0.0,0.0,0.0,0.0,0.0,0.0,0.0,0.0,0.0,0.0,1.0,1,Learning Letters Puppy,https://play.google.com/store/apps/details?id=air.fisherprice.com.Puppy
197,1.0,54000.0,0.0,3.1,689.0,22.0,0.0,0.0,0.0,1.0,0.0,0.0,0.0,0.0,0.0,0.0,0.0,0.0,0.0,0.0,0.0,0.0,0.0,0.0,0.0,0.0,0.0,0.0,0.0,0.0,0.0,0.0,1.0,1,Starfall Learn to Read,https://play.google.com/store/apps/details?id=air.com.starfall.ltr
198,1.0,46000.0,0.0,1.7,70.0,50.0,0.0,0.0,0.0,0.0,0.0,0.0,0.0,1.0,0.0,0.0,0.0,0.0,0.0,0.0,0.0,0.0,0.0,0.0,0.0,0.0,0.0,0.0,0.0,0.0,0.0,0.0,1.0,1,Bini Super ABC! Preschool Learning Games for Kids!,https://play.google.com/store/apps/details?id=com.binibambini.abc
199,1.0,49000.0,0.0,2.5,73.0,11.0,0.0,0.0,0.0,0.0,0.0,0.0,0.0,1.0,0.0,0.0,0.0,0.0,0.0,0.0,0.0,0.0,0.0,0.0,0.0,0.0,0.0,0.0,0.0,0.0,0.0,0.0,1.0,1,Kids Garden,https://play.google.com/store/apps/details?id=forqan.tech.shadow.ads
201,1.0,49000.0,0.0,1.9,31.0,30.0,0.0,0.0,0.0,0.0,0.0,0.0,0.0,1.0,0.0,0.0,0.0,0.0,0.0,0.0,0.0,0.0,0.0,0.0,0.0,0.0,0.0,0.0,0.0,0.0,0.0,0.0,1.0,0,Read with Phonzy: Reading Game,https://play.google.com/store/apps/details?id=com.meowtek.readwithphonzy
202,1.0,9400.0,0.0,8.0,28.0,45.0,0.0,0.0,0.0,1.0,0.0,0.0,0.0,0.0,0.0,0.0,0.0,0.0,0.0,0.0,0.0,0.0,0.0,0.0,0.0,0.0,0.0,0.0,0.0,0.0,0.0,0.0,1.0,0,"Preschool Kids Learning : ABC, Number, Colors",https://play.google.com/store/apps/details?id=com.ffour.android.learnabc
203,1.0,22000.0,1.99,1.1,286.0,49.0,0.0,0.0,0.0,0.0,0.0,0.0,0.0,1.0,0.0,0.0,0.0,0.0,0.0,0.0,0.0,0.0,0.0,0.0,0.0,0.0,0.0,0.0,0.0,0.0,0.0,0.0,1.0,0,123 Kids Fun MUSIC - Kids Music Educational Games,https://play.google.com/store/apps/details?id=pl.rosmedia.music
204,1.0,21000.0,0.0,3.3,296.0,30.0,0.0,0.0,0.0,0.0,0.0,0.0,0.0,1.0,0.0,0.0,0.0,0.0,0.0,0.0,0.0,0.0,0.0,0.0,0.0,0.0,0.0,0.0,0.0,0.0,0.0,0.0,1.0,0,Learn letters English alphabet,https://play.google.com/store/apps/details?id=com.goodsofttech.happyalphabet
205,1.0,16000.0,0.0,2.0,811.0,26.0,0.0,0.0,0.0,0.0,0.0,0.0,0.0,1.0,0.0,0.0,0.0,0.0,0.0,0.0,0.0,0.0,0.0,0.0,0.0,0.0,0.0,0.0,0.0,0.0,0.0,0.0,1.0,0,Nancy Drew Codes and Clues,https://play.google.com/store/apps/details?id=com.herinteractive.codesandclues
206,1.0,21000.0,0.0,2.8,169.0,25.0,1.0,0.0,0.0,0.0,0.0,0.0,0.0,0.0,0.0,0.0,0.0,0.0,0.0,0.0,0.0,0.0,0.0,0.0,0.0,0.0,0.0,0.0,0.0,0.0,0.0,0.0,1.0,1,Storybook Rhymes Volume 1,https://play.google.com/store/apps/details?id=air.ie.capture.fisherprice
207,1.0,14000.0,0.0,1.3,289.0,28.0,0.0,0.0,0.0,0.0,0.0,0.0,0.0,1.0,0.0,0.0,0.0,0.0,0.0,0.0,0.0,0.0,0.0,0.0,0.0,0.0,0.0,0.0,0.0,0.0,0.0,0.0,1.0,1,Learning colors for toddlers,https://play.google.com/store/apps/details?id=com.rmsgamesforkids.colorslearning
208,1.0,54000.0,0.0,2.2,17.0,30.0,0.0,0.0,0.0,0.0,0.0,0.0,0.0,1.0,0.0,0.0,0.0,0.0,0.0,0.0,0.0,0.0,0.0,0.0,0.0,0.0,0.0,0.0,0.0,0.0,0.0,0.0,1.0,0,codeSpark Academy: Kids Coding,https://play.google.com/store/apps/details?id=org.codespark.thefoos
211,1.0,56000.0,0.0,2.6,176.0,47.0,0.0,0.0,0.0,0.0,0.0,0.0,0.0,1.0,0.0,0.0,0.0,0.0,0.0,0.0,0.0,0.0,0.0,0.0,0.0,0.0,0.0,0.0,0.0,0.0,0.0,0.0,1.0,0,Phonics - Sounds to Words for beginning readers,https://play.google.com/store/apps/details?id=au.com.parrotfish.phonemic.lite
212,1.0,54000.0,0.0,1.0,953.0,29.0,0.0,0.0,0.0,1.0,0.0,0.0,0.0,0.0,0.0,0.0,0.0,0.0,0.0,0.0,0.0,0.0,0.0,0.0,0.0,0.0,0.0,0.0,0.0,0.0,0.0,0.0,1.0,0,Moose Math by Duck Duck Moose,https://play.google.com/store/apps/details?id=com.duckduckmoosedesign.km
213,1.0,10000.0,0.0,1.3,114.0,47.0,0.0,0.0,0.0,0.0,0.0,0.0,0.0,1.0,0.0,0.0,0.0,0.0,0.0,0.0,0.0,0.0,0.0,0.0,0.0,0.0,0.0,0.0,0.0,0.0,0.0,0.0,1.0,1,Baby Zoo Piano with Music for Toddlers and Kids,https://play.google.com/store/apps/details?id=com.oki.piano
214,1.0,47000.0,0.0,3.2,44.0,14.0,0.0,0.0,0.0,0.0,0.0,0.0,0.0,1.0,0.0,0.0,0.0,0.0,0.0,0.0,0.0,0.0,0.0,0.0,0.0,0.0,0.0,0.0,0.0,0.0,0.0,0.0,1.0,1,Read and Count,https://play.google.com/store/apps/details?id=com.bergman.lerecontar
215,1.0,58000.0,0.0,3.5,128.0,14.0,0.0,0.0,0.0,0.0,0.0,0.0,0.0,1.0,0.0,0.0,0.0,0.0,0.0,0.0,0.0,0.0,0.0,0.0,0.0,0.0,0.0,0.0,0.0,0.0,0.0,0.0,1.0,1,Draw Your Game,https://play.google.com/store/apps/details?id=com.korrisoft.draw.your.game
216,1.0,76000.0,0.0,2.0,850.0,48.0,0.0,0.0,0.0,0.0,0.0,0.0,0.0,1.0,0.0,0.0,0.0,0.0,0.0,0.0,0.0,0.0,0.0,0.0,0.0,0.0,0.0,0.0,0.0,0.0,0.0,0.0,1.0,0,"Cute Nursery Rhymes, Poems & Songs For Kids Free",https://play.google.com/store/apps/details?id=com.touchzing.cutenursery
217,1.0,22000.0,0.0,1.1,42.0,23.0,0.0,0.0,0.0,1.0,0.0,0.0,0.0,0.0,0.0,0.0,0.0,0.0,0.0,0.0,0.0,0.0,0.0,0.0,0.0,0.0,0.0,0.0,0.0,0.0,0.0,0.0,1.0,1,Multiplication Table IQ,https://play.google.com/store/apps/details?id=com.honeti.multiplication
218,1.0,50000.0,0.0,1.0,1307.0,11.0,0.0,0.0,0.0,1.0,0.0,0.0,0.0,0.0,0.0,0.0,0.0,0.0,0.0,0.0,0.0,0.0,0.0,0.0,0.0,0.0,0.0,0.0,0.0,0.0,0.0,0.0,1.0,0,Baby Basics,https://play.google.com/store/apps/details?id=com.babycenter.pregnancytracker
219,1.0,54000.0,0.0,2.2,231.0,36.0,0.0,0.0,0.0,0.0,0.0,0.0,0.0,1.0,0.0,0.0,0.0,0.0,0.0,0.0,0.0,0.0,0.0,0.0,0.0,0.0,0.0,0.0,0.0,0.0,0.0,0.0,1.0,0,Robotizen: Kid learn Coding Robot 5+,https://play.google.com/store/apps/details?id=vn.com.mage.irobot
220,1.0,79000.0,6.99,2.0,76.0,28.0,0.0,0.0,0.0,0.0,0.0,0.0,0.0,1.0,0.0,0.0,0.0,0.0,0.0,0.0,0.0,0.0,0.0,0.0,0.0,0.0,0.0,0.0,0.0,0.0,0.0,0.0,1.0,0,LetterSchool - Block Letters,https://play.google.com/store/apps/details?id=com.letterschool.lite
221,1.0,45000.0,0.0,1.4,3.0,50.0,0.0,0.0,0.0,0.0,0.0,0.0,0.0,1.0,0.0,0.0,0.0,0.0,0.0,0.0,0.0,0.0,0.0,0.0,0.0,0.0,0.0,0.0,0.0,0.0,0.0,0.0,1.0,1,FunnyFood Kindergarten learning games for toddlers,https://play.google.com/store/apps/details?id=com.arrowstar.FunnyFoodsLite
222,1.0,93000.0,0.0,5.2,70.0,50.0,0.0,0.0,0.0,0.0,0.0,0.0,0.0,1.0,0.0,0.0,0.0,0.0,0.0,0.0,0.0,0.0,0.0,0.0,0.0,0.0,0.0,0.0,0.0,0.0,0.0,0.0,1.0,0,Mother Goose Club: Nursery Rhymes & Learning Games,https://play.google.com/store/apps/details?id=com.storytoys.mothergooseclub.free.android.googleplay
223,1.0,63000.0,0.0,8.0,6.0,50.0,0.0,0.0,0.0,0.0,0.0,0.0,0.0,1.0,0.0,0.0,0.0,0.0,0.0,0.0,0.0,0.0,0.0,0.0,0.0,0.0,0.0,0.0,1.0,0.0,0.0,0.0,1.0,1,My Baby Unicorn - Virtual Pony Pet Care & Dress Up,https://play.google.com/store/apps/details?id=com.tutotoons.app.mybabyunicorn.free
224,1.0,3000.0,0.0,2.0,862.0,14.0,0.0,0.0,0.0,0.0,0.0,0.0,0.0,1.0,0.0,0.0,0.0,0.0,0.0,0.0,0.0,0.0,0.0,0.0,0.0,0.0,0.0,0.0,0.0,0.0,0.0,0.0,1.0,0,Piano for Kids,https://play.google.com/store/apps/details?id=com.orange.kidspiano.music.songs
225,1.0,14000.0,0.0,6.3,224.0,26.0,0.0,0.0,0.0,0.0,0.0,0.0,0.0,1.0,0.0,0.0,0.0,0.0,0.0,0.0,0.0,0.0,0.0,0.0,0.0,0.0,0.0,0.0,0.0,0.0,0.0,0.0,1.0,0,Kids Fun Animal Piano Free,https://play.google.com/store/apps/details?id=se.appfamily.animalpianofree
226,1.0,41000.0,0.0,1.3,513.0,22.0,0.0,0.0,0.0,1.0,0.0,0.0,0.0,0.0,0.0,0.0,0.0,0.0,0.0,0.0,0.0,0.0,0.0,0.0,0.0,0.0,0.0,0.0,0.0,0.0,0.0,0.0,1.0,1,Starfall Free & Member,https://play.google.com/store/apps/details?id=air.com.starfall.more
227,1.0,33000.0,4.99,3.1,244.0,18.0,0.0,0.0,0.0,0.0,0.0,0.0,0.0,1.0,0.0,0.0,0.0,0.0,0.0,0.0,0.0,0.0,0.0,0.0,0.0,0.0,0.0,0.0,0.0,0.0,0.0,0.0,1.0,0,Tynker for Schools,https://play.google.com/store/apps/details?id=com.tynker.Tynker
228,1.0,44000.0,5.99,1.3,622.0,38.0,0.0,0.0,0.0,1.0,0.0,0.0,0.0,0.0,0.0,0.0,0.0,0.0,0.0,0.0,0.0,0.0,0.0,0.0,0.0,0.0,0.0,0.0,0.0,0.0,0.0,0.0,1.0,0,Fuzzy Numbers: Pre-K Number Foundation,https://play.google.com/store/apps/details?id=com.cognitivetoybox.fuzzynumbers
230,1.0,20000.0,1.99,2.5,137.0,27.0,0.0,0.0,0.0,0.0,0.0,0.0,0.0,1.0,0.0,0.0,0.0,0.0,0.0,0.0,0.0,0.0,0.0,0.0,0.0,0.0,0.0,0.0,0.0,0.0,0.0,0.0,1.0,0,Toddler Sing and Play 2 Pro,https://play.google.com/store/apps/details?id=com.landoncope.games.toddlersingandplay2
231,1.0,49000.0,0.0,1.3,926.0,29.0,0.0,0.0,0.0,0.0,0.0,0.0,0.0,1.0,0.0,0.0,0.0,0.0,0.0,0.0,0.0,0.0,0.0,0.0,0.0,0.0,0.0,0.0,0.0,0.0,0.0,0.0,1.0,0,Preschool ABC Numbers Letters,https://play.google.com/store/apps/details?id=com.gamesforkids.preschoolworksheets.alphabets
232,1.0,29000.0,0.0,2.1,135.0,23.0,0.0,0.0,0.0,0.0,0.0,0.0,0.0,1.0,0.0,0.0,0.0,0.0,0.0,0.0,0.0,0.0,0.0,0.0,0.0,0.0,0.0,0.0,0.0,0.0,0.0,0.0,1.0,0,Toddler Sing and Play 3,https://play.google.com/store/apps/details?id=com.landoncope.games.toddlersingandplay3
234,1.0,49000.0,0.0,1.8,73.0,22.0,0.0,0.0,0.0,0.0,0.0,0.0,0.0,1.0,0.0,0.0,0.0,0.0,0.0,0.0,0.0,0.0,0.0,0.0,0.0,0.0,0.0,0.0,0.0,0.0,0.0,0.0,1.0,1,Preschool Adventures-2,https://play.google.com/store/apps/details?id=forqan.tech.families2
235,1.0,51000.0,0.0,3.3,103.0,29.0,0.0,0.0,0.0,0.0,0.0,0.0,0.0,1.0,0.0,0.0,0.0,0.0,0.0,0.0,0.0,0.0,0.0,0.0,0.0,0.0,0.0,0.0,0.0,0.0,0.0,0.0,1.0,0,Animal Jigsaw Puzzle Toddlers,https://play.google.com/store/apps/details?id=com.pixelenvision.animalpuzzle
236,1.0,42000.0,0.0,2.2,289.0,14.0,0.0,0.0,0.0,1.0,0.0,0.0,0.0,0.0,0.0,0.0,0.0,0.0,0.0,0.0,0.0,0.0,0.0,0.0,0.0,0.0,0.0,0.0,0.0,0.0,0.0,0.0,1.0,1,Endless Reader,https://play.google.com/store/apps/details?id=com.originatorkids.EndlessReader
238,1.0,26000.0,0.0,1.2,84.0,33.0,0.0,0.0,0.0,0.0,1.0,0.0,0.0,0.0,0.0,0.0,0.0,0.0,0.0,0.0,0.0,0.0,0.0,0.0,0.0,0.0,0.0,0.0,0.0,0.0,0.0,0.0,1.0,0,Dinosaurs Puzzles for Kids - FREE,https://play.google.com/store/apps/details?id=forqan.tech.babypuzzles_dinosaurs.ads
241,1.0,15916.830305217984,2.99,2.2,199.0,38.0,0.0,0.0,0.0,0.0,0.0,0.0,0.0,1.0,0.0,0.0,0.0,0.0,0.0,0.0,0.0,0.0,0.0,0.0,0.0,0.0,0.0,0.0,0.0,0.0,0.0,0.0,1.0,0,Learn Letter Sounds with Carnival Kids,https://play.google.com/store/apps/details?id=zok.android.phonics
243,1.0,94000.0,0.0,1.2,49.0,14.0,0.0,0.0,0.0,0.0,0.0,0.0,0.0,1.0,0.0,0.0,0.0,0.0,0.0,0.0,0.0,0.0,0.0,0.0,0.0,0.0,0.0,0.0,0.0,0.0,0.0,0.0,1.0,1,PBS KIDS Games,https://play.google.com/store/apps/details?id=org.pbskids.playandlearnscience
244,1.0,46000.0,0.0,1.0,1534.0,26.0,0.0,0.0,0.0,0.0,0.0,0.0,0.0,1.0,0.0,0.0,0.0,0.0,0.0,0.0,0.0,0.0,0.0,0.0,0.0,0.0,0.0,0.0,0.0,0.0,0.0,0.0,1.0,1,Tiffany Alvord Dream World,https://play.google.com/store/apps/details?id=com.animoca.google.starGirl
245,1.0,15916.830305217984,2.99,2.0,199.0,24.0,0.0,0.0,0.0,0.0,0.0,0.0,0.0,1.0,0.0,0.0,0.0,0.0,0.0,0.0,0.0,0.0,0.0,0.0,0.0,0.0,0.0,0.0,0.0,0.0,0.0,0.0,1.0,0,Kids Reading Sight Words,https://play.google.com/store/apps/details?id=com.intellijoy.sightwords.lite
246,1.0,75000.0,0.0,2.0,827.0,20.0,0.0,0.0,0.0,1.0,0.0,0.0,0.0,0.0,0.0,0.0,0.0,0.0,0.0,0.0,0.0,0.0,0.0,0.0,0.0,0.0,0.0,0.0,0.0,0.0,0.0,0.0,1.0,0,Starfall I'm Reading,https://play.google.com/store/apps/details?id=air.com.starfall.LearnToRead2
247,1.0,49000.0,0.0,2.2,2.0,22.0,0.0,0.0,0.0,1.0,0.0,0.0,0.0,0.0,0.0,0.0,0.0,0.0,0.0,0.0,0.0,0.0,0.0,0.0,0.0,0.0,0.0,0.0,0.0,0.0,0.0,0.0,1.0,1,Preschool Adventures-1,https://play.google.com/store/apps/details?id=forqan.tech.families1
248,1.0,4000.0,0.0,2.6,125.0,33.0,0.0,0.0,0.0,0.0,0.0,0.0,0.0,0.0,0.0,0.0,0.0,0.0,1.0,0.0,0.0,0.0,0.0,0.0,0.0,0.0,0.0,0.0,0.0,0.0,0.0,0.0,1.0,1,Jimi Guitar Lite - Chords & Songs,https://play.google.com/store/apps/details?id=com.yandra.guitarchordandlyrics
250,1.0,73000.0,0.0,2.0,2.0,26.0,0.0,0.0,0.0,0.0,0.0,0.0,0.0,1.0,0.0,0.0,0.0,0.0,0.0,0.0,0.0,0.0,0.0,0.0,0.0,0.0,0.0,0.0,0.0,0.0,0.0,0.0,1.0,1,Kids Education (Preschool),https://play.google.com/store/apps/details?id=forqan.tech.iq_brain_trainer
251,1.0,41000.0,0.0,1.3,82.0,29.0,0.0,0.0,0.0,0.0,1.0,0.0,0.0,0.0,0.0,0.0,0.0,0.0,0.0,0.0,0.0,0.0,0.0,0.0,0.0,0.0,0.0,0.0,0.0,0.0,0.0,0.0,1.0,1,Make Pasta Food Kitchen Fever,https://play.google.com/store/apps/details?id=com.cb.cookingchallenge.foodmaking
252,1.0,44000.0,1.99,1.2,1561.0,30.0,0.0,0.0,0.0,1.0,0.0,0.0,0.0,0.0,0.0,0.0,0.0,0.0,0.0,0.0,0.0,0.0,0.0,0.0,0.0,0.0,0.0,0.0,0.0,0.0,0.0,0.0,1.0,0,Letter Quiz: Alphabet Aquarium,https://play.google.com/store/apps/details?id=air.cz.cfc.androidgp.ToddlerAquariumLite
253,1.0,71000.0,0.0,4.0,77.0,50.0,0.0,0.0,0.0,0.0,0.0,0.0,0.0,1.0,0.0,0.0,0.0,0.0,0.0,0.0,0.0,0.0,0.0,0.0,0.0,0.0,0.0,0.0,0.0,0.0,0.0,0.0,1.0,1,Animal Hair Salon Australia - Pet Beauty & Fashion,https://play.google.com/store/apps/details?id=com.tutotoons.app.animalhairsalonaustralia.free
254,1.0,14000.0,3.99,2.1,35.0,30.0,1.0,0.0,0.0,0.0,0.0,0.0,0.0,0.0,0.0,0.0,0.0,0.0,0.0,0.0,0.0,0.0,0.0,0.0,0.0,0.0,0.0,0.0,0.0,0.0,0.0,0.0,1.0,0,Green Eggs and Ham - Dr. Seuss,https://play.google.com/store/apps/details?id=com.oceanhouse_media.bookgreeneggsandham_app
255,1.0,32000.0,0.0,5.8,36.0,30.0,0.0,0.0,0.0,1.0,0.0,0.0,0.0,0.0,0.0,0.0,0.0,0.0,0.0,0.0,0.0,0.0,0.0,0.0,0.0,0.0,0.0,0.0,0.0,0.0,0.0,0.0,1.0,1,Rosetta Stone: Learn Languages,https://play.google.com/store/apps/details?id=air.com.rosettastone.mobile.CoursePlayer
256,1.0,15916.830305217984,0.0,4.250829360699497,73.0,27.0,0.0,0.0,0.0,0.0,1.0,0.0,0.0,0.0,0.0,0.0,0.0,0.0,0.0,0.0,0.0,0.0,0.0,0.0,0.0,0.0,0.0,0.0,0.0,0.0,0.0,0.0,0.0,1,SketchBook - draw and paint,https://play.google.com/store/apps/details?id=com.adsk.sketchbook
257,1.0,15916.830305217984,0.0,4.250829360699497,838.0,26.0,0.0,0.0,0.0,0.0,0.0,0.0,0.0,1.0,0.0,0.0,0.0,0.0,0.0,0.0,0.0,0.0,0.0,0.0,0.0,0.0,0.0,0.0,0.0,0.0,0.0,0.0,0.0,1,Kids Doodle - Color & Draw,https://play.google.com/store/apps/details?id=kids.doodle.best.photo.apps
258,1.0,16000.0,0.0,4.3,4.0,18.0,0.0,0.0,0.0,0.0,1.0,0.0,0.0,0.0,0.0,0.0,0.0,0.0,0.0,0.0,0.0,0.0,0.0,0.0,0.0,0.0,0.0,0.0,0.0,1.0,0.0,0.0,1.0,1,Shabakaty Cinemana,https://play.google.com/store/apps/details?id=com.cinetrak.mobile
259,1.0,15916.830305217984,0.0,4.250829360699497,135.0,31.0,0.0,0.0,0.0,0.0,1.0,0.0,0.0,0.0,0.0,0.0,0.0,0.0,0.0,0.0,0.0,0.0,0.0,0.0,0.0,0.0,0.0,0.0,0.0,0.0,1.0,0.0,0.0,1,Sony�Crackle���Free TV & Movies,https://play.google.com/store/apps/details?id=com.tubitv
260,1.0,14000.0,0.0,2.1,16.0,26.0,0.0,0.0,0.0,0.0,1.0,0.0,0.0,0.0,0.0,0.0,0.0,0.0,0.0,0.0,0.0,0.0,0.0,0.0,0.0,0.0,0.0,0.0,0.0,0.0,1.0,0.0,1.0,1,Investigation Discovery GO,https://play.google.com/store/apps/details?id=com.gamaga.RedCrimesHM
261,1.0,15916.830305217984,0.0,4.250829360699497,156.0,22.0,0.0,0.0,0.0,0.0,0.0,0.0,0.0,0.0,0.0,0.0,0.0,0.0,0.0,1.0,0.0,0.0,0.0,0.0,0.0,0.0,0.0,0.0,0.0,1.0,0.0,0.0,0.0,1,BaconReader for Reddit,https://play.google.com/store/apps/details?id=com.onelouder.baconreader
262,1.0,73000.0,0.0,6.2,3.0,12.0,0.0,0.0,0.0,0.0,1.0,0.0,0.0,0.0,0.0,0.0,0.0,0.0,0.0,0.0,0.0,0.0,0.0,0.0,0.0,0.0,0.0,0.0,0.0,0.0,0.0,0.0,1.0,1,AMC Theatres,https://play.google.com/store/apps/details?id=com.iobit.mobilecare
263,1.0,35000.0,0.0,1.0,436.0,24.0,0.0,0.0,0.0,0.0,1.0,0.0,0.0,0.0,0.0,0.0,0.0,0.0,0.0,0.0,0.0,0.0,0.0,0.0,0.0,0.0,0.0,0.0,0.0,0.0,0.0,0.0,1.0,1,Nick Jr. - Shows & Games,https://play.google.com/store/apps/details?id=net.pluginmedia.pawpatrolflyer
264,1.0,12000.0,0.0,2.2,15.0,16.0,0.0,0.0,0.0,0.0,1.0,0.0,0.0,0.0,0.0,0.0,0.0,0.0,0.0,0.0,0.0,0.0,0.0,0.0,0.0,0.0,0.0,0.0,0.0,0.0,0.0,0.0,1.0,0,Harkins Theatres,https://play.google.com/store/apps/details?id=com.influx.marcus.theatres
265,1.0,34000.0,0.0,1.0,64.0,17.0,0.0,0.0,0.0,0.0,1.0,0.0,0.0,0.0,0.0,0.0,0.0,0.0,0.0,0.0,0.0,0.0,0.0,0.0,0.0,0.0,0.0,0.0,0.0,0.0,1.0,0.0,1.0,1,Street Archer Run,https://play.google.com/store/apps/details?id=com.gamelead.street.archer.run
266,1.0,23000.0,0.0,6.9,55.0,13.0,0.0,0.0,0.0,0.0,0.0,0.0,0.0,0.0,0.0,0.0,0.0,0.0,0.0,0.0,0.0,0.0,1.0,0.0,0.0,0.0,0.0,0.0,0.0,0.0,0.0,0.0,1.0,1,Pencil Sketch,https://play.google.com/store/apps/details?id=com.dumplingsandwich.pencilsketch
267,1.0,18000.0,0.0,3.0,65.0,35.0,0.0,0.0,0.0,0.0,1.0,0.0,0.0,0.0,0.0,0.0,0.0,0.0,0.0,0.0,0.0,0.0,0.0,0.0,0.0,0.0,0.0,0.0,0.0,0.0,0.0,0.0,1.0,1,Tic Tac Toe glow - Free Puzzle Game,https://play.google.com/store/apps/details?id=com.arcsys.tictactoe.lite.free.puzzle.games
268,1.0,17000.0,0.0,4.3,12.0,50.0,0.0,0.0,0.0,0.0,0.0,0.0,0.0,0.0,0.0,0.0,0.0,0.0,0.0,0.0,1.0,0.0,0.0,0.0,0.0,0.0,0.0,0.0,0.0,0.0,1.0,0.0,1.0,1,"Imgur: Find funny GIFs, memes & watch viral videos",https://play.google.com/store/apps/details?id=com.imgur.mobile
269,1.0,15916.830305217984,0.0,4.250829360699497,65.0,40.0,0.0,0.0,0.0,0.0,1.0,0.0,0.0,0.0,0.0,0.0,0.0,0.0,0.0,0.0,0.0,0.0,0.0,0.0,0.0,0.0,0.0,0.0,0.0,0.0,0.0,0.0,0.0,1,Colorfy: Coloring Book for Adults - Free,https://play.google.com/store/apps/details?id=com.fungamesforfree.colorfy
270,1.0,19000.0,0.0,3.2,8.0,37.0,0.0,0.0,0.0,0.0,1.0,0.0,0.0,0.0,0.0,0.0,0.0,0.0,0.0,0.0,0.0,0.0,0.0,0.0,0.0,0.0,0.0,0.0,0.0,0.0,1.0,0.0,1.0,1,A&E - Watch Full Episodes of TV Shows,https://play.google.com/store/apps/details?id=com.seriesmoviesfree2019.watchmoviesonline
272,1.0,58000.0,2.99,4.4,3.0,18.0,0.0,0.0,0.0,0.0,1.0,0.0,0.0,0.0,0.0,0.0,0.0,0.0,0.0,0.0,0.0,0.0,0.0,0.0,0.0,0.0,0.0,0.0,0.0,1.0,0.0,0.0,1.0,0,Meme Generator PRO,https://play.google.com/store/apps/details?id=me.sherbaev.memerator
273,1.0,15916.830305217984,0.0,4.250829360699497,10.0,16.0,0.0,0.0,0.0,0.0,1.0,0.0,0.0,0.0,0.0,0.0,0.0,0.0,0.0,0.0,0.0,0.0,0.0,0.0,0.0,0.0,0.0,0.0,0.0,0.0,1.0,0.0,0.0,1,IMDb Movies & TV,https://play.google.com/store/apps/details?id=com.imdb.mobile
274,1.0,15000.0,0.0,5.5,17.0,30.0,0.0,0.0,0.0,0.0,0.0,0.0,0.0,0.0,0.0,0.0,0.0,0.0,0.0,1.0,0.0,0.0,0.0,0.0,0.0,0.0,0.0,0.0,0.0,0.0,1.0,0.0,1.0,1,"BuzzFeed: News, Tasty, Quizzes",https://play.google.com/store/apps/details?id=com.buzzfeed.android
275,1.0,7700.0,0.0,1.8,58.0,29.0,0.0,0.0,0.0,0.0,0.0,0.0,0.0,0.0,0.0,0.0,0.0,0.0,0.0,0.0,0.0,0.0,1.0,0.0,0.0,0.0,0.0,0.0,0.0,0.0,0.0,0.0,1.0,1,Sketch Me! - Sketch & Cartoon,https://play.google.com/store/apps/details?id=com.xnview.XnSketch
276,1.0,22000.0,0.0,2.0,216.0,22.0,0.0,0.0,0.0,0.0,1.0,0.0,0.0,0.0,0.0,0.0,0.0,0.0,0.0,0.0,0.0,0.0,0.0,0.0,0.0,0.0,0.0,0.0,0.0,0.0,0.0,0.0,1.0,1,Caring for puppy salon,https://play.google.com/store/apps/details?id=com.incrediblefungames.puppypetcare
277,1.0,15916.830305217984,0.0,4.250829360699497,21.0,15.0,0.0,0.0,0.0,0.0,1.0,0.0,0.0,0.0,0.0,0.0,0.0,0.0,0.0,0.0,0.0,0.0,0.0,0.0,0.0,0.0,0.0,0.0,0.0,0.0,1.0,0.0,0.0,0,Cooking Channel,https://play.google.com/store/apps/details?id=com.omniluxtrade.foodnetworkrecipes
278,1.0,16000.0,0.0,2.1,29.0,8.0,0.0,0.0,0.0,0.0,1.0,0.0,0.0,0.0,0.0,0.0,0.0,0.0,0.0,0.0,0.0,0.0,0.0,0.0,0.0,0.0,0.0,0.0,0.0,0.0,1.0,0.0,1.0,1,DStv Now,https://play.google.com/store/apps/details?id=com.multichoice.dstvselfservice
279,1.0,46000.0,0.0,3.1,21.0,16.0,0.0,0.0,0.0,0.0,1.0,0.0,0.0,0.0,0.0,0.0,0.0,0.0,0.0,0.0,0.0,0.0,0.0,0.0,0.0,0.0,0.0,0.0,0.0,0.0,1.0,0.0,1.0,1,Dinosaurs Hunter,https://play.google.com/store/apps/details?id=com.play.dino.jurassic.world.app
280,1.0,9700.0,0.0,3.6,17.0,10.0,0.0,0.0,0.0,0.0,1.0,0.0,0.0,0.0,0.0,0.0,0.0,0.0,0.0,0.0,0.0,0.0,0.0,0.0,0.0,0.0,0.0,0.0,0.0,0.0,1.0,0.0,1.0,1,Funny Pics,https://play.google.com/store/apps/details?id=com.stuckpixelinc.funnypics
281,1.0,15000.0,0.0,2.0,28.0,28.0,0.0,0.0,0.0,0.0,1.0,0.0,0.0,0.0,0.0,0.0,0.0,0.0,0.0,0.0,0.0,0.0,0.0,0.0,0.0,0.0,0.0,0.0,0.0,0.0,1.0,0.0,1.0,1,Laugh Out Loud by Kevin Hart,https://play.google.com/store/apps/details?id=com.andromo.dev698216.app739285
283,1.0,18000.0,0.0,3.5,38.0,31.0,0.0,0.0,0.0,0.0,1.0,0.0,0.0,0.0,0.0,0.0,0.0,0.0,0.0,0.0,0.0,0.0,0.0,0.0,0.0,0.0,0.0,0.0,0.0,0.0,1.0,0.0,1.0,1,Telemundo � Cap�tulos Completos,https://play.google.com/store/apps/details?id=com.graytv.android.laredo
284,1.0,15916.830305217984,0.0,4.250829360699497,3.0,30.0,0.0,0.0,0.0,0.0,1.0,0.0,0.0,0.0,0.0,0.0,0.0,0.0,0.0,0.0,0.0,0.0,0.0,0.0,0.0,0.0,0.0,0.0,0.0,0.0,1.0,0.0,1.0,1,"Hulu: Stream TV, Movies & more",https://play.google.com/store/apps/details?id=com.netflix.mediaclient
285,1.0,15916.830305217984,0.0,4.250829360699497,2.0,37.0,0.0,0.0,0.0,0.0,1.0,0.0,0.0,0.0,0.0,0.0,0.0,0.0,0.0,0.0,0.0,0.0,0.0,0.0,0.0,0.0,0.0,0.0,0.0,0.0,1.0,0.0,0.0,1,"Viki: Korean Drama, Movies & Asian TV",https://play.google.com/store/apps/details?id=com.viki.android
287,1.0,23000.0,0.0,1.0,47.0,30.0,0.0,0.0,0.0,0.0,1.0,0.0,0.0,0.0,0.0,0.0,0.0,0.0,0.0,0.0,0.0,0.0,0.0,0.0,0.0,0.0,0.0,0.0,0.0,0.0,0.0,0.0,1.0,1,ColorFil - Adult Coloring Book,https://play.google.com/store/apps/details?id=net.yeastudio.colorfil
288,1.0,42000.0,0.0,10.0,13.0,28.0,0.0,0.0,0.0,0.0,1.0,0.0,0.0,0.0,0.0,0.0,0.0,0.0,0.0,0.0,0.0,0.0,0.0,0.0,0.0,0.0,0.0,0.0,0.0,0.0,0.0,0.0,1.0,1,Spot it: Find the Difference,https://play.google.com/store/apps/details?id=ru.iprado.spot
289,1.0,44000.0,0.0,7.2,1290.0,12.0,0.0,0.0,0.0,0.0,1.0,0.0,0.0,0.0,0.0,0.0,0.0,0.0,0.0,0.0,0.0,0.0,0.0,0.0,0.0,0.0,0.0,0.0,0.0,1.0,0.0,0.0,1.0,1,Meme Creator,https://play.google.com/store/apps/details?id=com.zombodroid.MemeGenerator
290,1.0,6600.0,0.0,2.2,14.0,29.0,0.0,0.0,0.0,0.0,1.0,0.0,0.0,0.0,0.0,0.0,0.0,0.0,0.0,0.0,0.0,0.0,0.0,0.0,0.0,0.0,0.0,0.0,0.0,0.0,1.0,0.0,1.0,0,Trailer Addict Movie Trailers,https://play.google.com/store/apps/details?id=com.traileraddict.android
291,1.0,41000.0,0.0,2.4,239.0,27.0,0.0,0.0,0.0,0.0,1.0,0.0,0.0,0.0,0.0,0.0,0.0,0.0,0.0,0.0,0.0,0.0,0.0,0.0,0.0,0.0,0.0,0.0,0.0,0.0,0.0,0.0,1.0,1,Hamilton � The Official App,https://play.google.com/store/apps/details?id=com.hamilton.app
293,1.0,17000.0,0.0,5.0,789.0,21.0,0.0,0.0,0.0,1.0,0.0,0.0,0.0,0.0,0.0,0.0,0.0,0.0,0.0,0.0,0.0,0.0,0.0,0.0,0.0,0.0,0.0,0.0,0.0,0.0,0.0,0.0,1.0,1,How to Draw Graffitis,https://play.google.com/store/apps/details?id=com.sweefitstudios.drawgraffiti
294,1.0,15916.830305217984,0.0,4.250829360699497,21.0,6.0,0.0,0.0,0.0,0.0,1.0,0.0,0.0,0.0,0.0,0.0,0.0,0.0,0.0,0.0,0.0,0.0,0.0,0.0,0.0,0.0,0.0,0.0,0.0,0.0,1.0,0.0,0.0,1,The CW,https://play.google.com/store/apps/details?id=com.payghost.cwtv
295,1.0,45000.0,0.0,2.3,16.0,17.0,0.0,0.0,0.0,0.0,1.0,0.0,0.0,0.0,0.0,0.0,0.0,0.0,0.0,0.0,0.0,0.0,0.0,0.0,0.0,0.0,0.0,0.0,0.0,0.0,1.0,0.0,1.0,1,Cinemark Theatres,https://play.google.com/store/apps/details?id=com.cinemarkca.cinemarkapp
296,1.0,14000.0,0.0,1.2,804.0,21.0,0.0,0.0,0.0,0.0,0.0,0.0,0.0,1.0,0.0,0.0,0.0,0.0,0.0,0.0,0.0,0.0,0.0,0.0,0.0,0.0,0.0,0.0,0.0,0.0,1.0,0.0,1.0,1,Draw and Guess Online,https://play.google.com/store/apps/details?id=com.openmygame.games.kr.client
297,1.0,20000.0,0.0,18.0,83.0,4.0,0.0,0.0,0.0,0.0,1.0,0.0,0.0,0.0,0.0,0.0,0.0,0.0,0.0,0.0,0.0,0.0,0.0,0.0,0.0,0.0,0.0,0.0,1.0,0.0,0.0,0.0,1.0,1,Nick,https://play.google.com/store/apps/details?id=com.nickappintl.android.nickelodeon
298,1.0,14000.0,0.0,2.1,27.0,29.0,0.0,0.0,0.0,0.0,1.0,0.0,0.0,0.0,0.0,0.0,0.0,0.0,0.0,0.0,0.0,0.0,0.0,0.0,0.0,0.0,0.0,0.0,0.0,0.0,1.0,0.0,1.0,1,Tubi - Free Movies & TV Shows,https://play.google.com/store/apps/details?id=free.movies.tv.shows.films.series
299,1.0,16000.0,0.0,9.1,212.0,40.0,0.0,0.0,0.0,0.0,1.0,0.0,0.0,0.0,0.0,0.0,0.0,0.0,0.0,0.0,0.0,0.0,0.0,0.0,0.0,0.0,0.0,0.0,0.0,0.0,0.0,0.0,1.0,1,"Movies by Flixster, with Rotten Tomatoes",https://play.google.com/store/apps/details?id=com.rottentomatoes.com
300,1.0,15916.830305217984,0.0,4.250829360699497,8.0,12.0,0.0,0.0,0.0,0.0,1.0,0.0,0.0,0.0,0.0,0.0,0.0,0.0,0.0,0.0,0.0,0.0,0.0,0.0,0.0,0.0,0.0,0.0,0.0,0.0,0.0,0.0,0.0,1,YouTube Kids,https://play.google.com/store/apps/details?id=com.google.android.apps.youtube.kids
301,1.0,15916.830305217984,9.99,4.250829360699497,2.0,18.0,0.0,0.0,0.0,0.0,1.0,0.0,0.0,0.0,0.0,0.0,0.0,0.0,0.0,0.0,0.0,0.0,0.0,0.0,0.0,0.0,0.0,0.0,0.0,0.0,0.0,0.0,0.0,0,My Talking Pet Pro,https://play.google.com/store/apps/details?id=info.wobamedia.mytalkingpet.free
303,1.0,23000.0,0.0,5.0,396.0,26.0,0.0,0.0,0.0,1.0,0.0,0.0,0.0,0.0,0.0,0.0,0.0,0.0,0.0,0.0,0.0,0.0,0.0,0.0,0.0,0.0,0.0,0.0,0.0,0.0,0.0,0.0,1.0,1,How to Draw - Easy Lessons,https://play.google.com/store/apps/details?id=com.artelplus.howtodraw
305,1.0,20000.0,0.0,3.1,119.0,3.0,0.0,0.0,0.0,0.0,1.0,0.0,0.0,0.0,0.0,0.0,0.0,0.0,0.0,0.0,0.0,0.0,0.0,0.0,0.0,0.0,0.0,0.0,0.0,0.0,1.0,0.0,1.0,1,WWE,https://play.google.com/store/apps/details?id=com.wwe.universe
307,1.0,12000.0,0.0,2.8,1.0,30.0,0.0,0.0,0.0,0.0,0.0,0.0,0.0,0.0,0.0,0.0,0.0,0.0,0.0,0.0,1.0,0.0,0.0,0.0,0.0,0.0,0.0,0.0,0.0,0.0,0.0,0.0,1.0,1,ArtFlow: Paint Draw Sketchbook,https://play.google.com/store/apps/details?id=com.bytestorm.artflow
308,1.0,2700.0,0.0,8.6,35.0,17.0,0.0,0.0,0.0,0.0,1.0,0.0,0.0,0.0,0.0,0.0,0.0,0.0,0.0,0.0,0.0,0.0,0.0,0.0,0.0,0.0,0.0,0.0,0.0,0.0,1.0,0.0,1.0,1,Funny Quotes Free,https://play.google.com/store/apps/details?id=com.rantaz.sgfunnyquotes
309,1.0,46000.0,0.0,21.0,23.0,30.0,0.0,0.0,0.0,0.0,1.0,0.0,0.0,0.0,0.0,0.0,0.0,0.0,0.0,0.0,0.0,0.0,0.0,0.0,0.0,0.0,0.0,0.0,0.0,0.0,1.0,0.0,1.0,1,HBO GO: Stream with TV Package,https://play.google.com/store/apps/details?id=com.maxstream
310,1.0,15916.830305217984,0.0,4.250829360699497,14.0,11.0,0.0,0.0,0.0,0.0,1.0,0.0,0.0,0.0,0.0,0.0,0.0,0.0,0.0,0.0,0.0,0.0,0.0,0.0,0.0,0.0,0.0,0.0,0.0,0.0,1.0,0.0,0.0,1,Crunchyroll,https://play.google.com/store/apps/details?id=com.crunchyroll.crunchyroid
312,1.0,37000.0,0.0,2.6,38.0,30.0,0.0,0.0,0.0,0.0,0.0,0.0,0.0,1.0,0.0,0.0,0.0,0.0,0.0,0.0,0.0,0.0,0.0,0.0,0.0,0.0,0.0,0.0,0.0,0.0,0.0,0.0,1.0,1,Monster Trucks Game for Kids 2,https://play.google.com/store/apps/details?id=com.razmobi.monstertrucks2
313,1.0,54000.0,0.0,1.8,50.0,42.0,0.0,0.0,0.0,0.0,0.0,0.0,0.0,1.0,0.0,0.0,0.0,0.0,0.0,0.0,0.0,0.0,0.0,0.0,0.0,0.0,0.0,0.0,0.0,0.0,1.0,0.0,1.0,1,Troll Face Quest: Video Memes - Brain Game,https://play.google.com/store/apps/details?id=air.com.spilgames.TrollFaceQuestVideoMemes
314,1.0,15000.0,0.0,2.0,556.0,49.0,0.0,0.0,0.0,0.0,0.0,0.0,0.0,1.0,0.0,0.0,0.0,0.0,0.0,0.0,0.0,0.0,0.0,0.0,0.0,0.0,0.0,0.0,0.0,0.0,0.0,0.0,1.0,0,Hydrocarbons: Chemical Structures & Formulas Quiz,https://play.google.com/store/apps/details?id=com.asmolgam.hydrocarbon
315,1.0,15916.830305217984,0.0,4.250829360699497,153.0,6.0,0.0,0.0,0.0,0.0,0.0,0.0,0.0,1.0,0.0,0.0,0.0,0.0,0.0,0.0,0.0,0.0,0.0,0.0,0.0,0.0,0.0,0.0,0.0,0.0,0.0,0.0,0.0,1,Sudoku,https://play.google.com/store/apps/details?id=com.easybrain.sudoku.android
316,1.0,59000.0,0.0,1.7,2.0,16.0,0.0,0.0,0.0,0.0,0.0,0.0,0.0,1.0,0.0,0.0,0.0,0.0,0.0,0.0,0.0,0.0,0.0,0.0,0.0,0.0,0.0,0.0,0.0,0.0,0.0,0.0,1.0,1,Coloring & Learn,https://play.google.com/store/apps/details?id=com.orange.coloring.learn.kids
317,1.0,49000.0,0.0,3.8,321.0,20.0,0.0,0.0,0.0,0.0,0.0,0.0,0.0,1.0,0.0,0.0,0.0,0.0,0.0,0.0,0.0,0.0,0.0,0.0,0.0,0.0,0.0,0.0,0.0,0.0,0.0,0.0,1.0,1,Jigty Jigsaw Puzzles,https://play.google.com/store/apps/details?id=com.outfit7.jigtyfree
318,1.0,63000.0,0.0,3.0,239.0,20.0,0.0,0.0,0.0,0.0,0.0,0.0,0.0,1.0,0.0,0.0,0.0,0.0,0.0,0.0,0.0,0.0,0.0,0.0,0.0,0.0,0.0,0.0,0.0,0.0,0.0,0.0,1.0,1,Angry Birds Epic RPG,https://play.google.com/store/apps/details?id=com.rovio.tnt
319,1.0,33000.0,0.0,3.0,116.0,37.0,0.0,0.0,0.0,0.0,0.0,0.0,0.0,1.0,0.0,0.0,0.0,0.0,0.0,0.0,0.0,0.0,0.0,0.0,0.0,0.0,0.0,0.0,0.0,0.0,0.0,0.0,1.0,1,Masha and the Bear. Educational Games,https://play.google.com/store/apps/details?id=com.edujoy.masha.games
320,1.0,30000.0,0.0,4.2,136.0,16.0,0.0,0.0,0.0,0.0,0.0,0.0,0.0,1.0,0.0,0.0,0.0,0.0,0.0,0.0,0.0,0.0,0.0,0.0,0.0,0.0,0.0,0.0,0.0,0.0,0.0,0.0,1.0,1,Carrier Landings,https://play.google.com/store/apps/details?id=it.rortos.f18carrierlandingii
321,1.0,15916.830305217984,0.0,4.250829360699497,29.0,17.0,0.0,0.0,0.0,0.0,0.0,0.0,0.0,1.0,0.0,0.0,0.0,0.0,0.0,0.0,0.0,0.0,0.0,0.0,0.0,0.0,0.0,0.0,0.0,0.0,0.0,0.0,0.0,0,KenKen Classic II,https://play.google.com/store/apps/details?id=kenkenclassic.com
322,1.0,8400.0,0.0,13.0,4.0,8.0,0.0,0.0,0.0,0.0,0.0,0.0,0.0,1.0,0.0,0.0,0.0,0.0,0.0,0.0,0.0,0.0,0.0,0.0,0.0,0.0,0.0,0.0,0.0,0.0,0.0,0.0,1.0,1,WordHero,https://play.google.com/store/apps/details?id=com.rhs.wordhero
323,1.0,12000.0,0.0,2.6,381.0,47.0,0.0,0.0,0.0,0.0,0.0,0.0,0.0,1.0,0.0,0.0,0.0,0.0,0.0,0.0,0.0,0.0,0.0,0.0,0.0,0.0,0.0,0.0,0.0,0.0,0.0,0.0,1.0,0,Wordbase � Fun Word Search Battles with Friends,https://play.google.com/store/apps/details?id=com.wordbaseapp
324,1.0,82000.0,0.0,1.2,230.0,14.0,0.0,0.0,0.0,0.0,0.0,0.0,0.0,1.0,0.0,0.0,0.0,0.0,0.0,0.0,0.0,0.0,0.0,0.0,0.0,0.0,0.0,0.0,0.0,0.0,0.0,0.0,1.0,1,Fruit Nibblers,https://play.google.com/store/apps/details?id=com.rovio.Nibblers
325,1.0,43000.0,0.0,2.0,6.0,23.0,0.0,0.0,0.0,0.0,0.0,0.0,0.0,1.0,0.0,0.0,0.0,0.0,0.0,0.0,0.0,0.0,0.0,0.0,0.0,0.0,0.0,0.0,0.0,0.0,0.0,0.0,1.0,1,Wheel of Fortune - Quiz,https://play.google.com/store/apps/details?id=com.scopely.wheeloffortune
326,1.0,51000.0,0.0,1.4,626.0,20.0,0.0,0.0,0.0,0.0,0.0,0.0,0.0,1.0,0.0,0.0,0.0,0.0,0.0,0.0,0.0,0.0,0.0,0.0,0.0,0.0,0.0,0.0,0.0,0.0,0.0,0.0,1.0,1,Farming Simulator 14,https://play.google.com/store/apps/details?id=com.giantssoftware.fs14
327,1.0,8600.0,0.0,3.2,13.0,15.0,0.0,0.0,0.0,0.0,0.0,0.0,0.0,1.0,0.0,0.0,0.0,0.0,0.0,0.0,0.0,0.0,0.0,0.0,0.0,0.0,0.0,0.0,0.0,0.0,0.0,0.0,1.0,1,Memory training,https://play.google.com/store/apps/details?id=com.memory.brain.training.games
328,1.0,70000.0,0.0,3.1,3.0,42.0,0.0,0.0,0.0,1.0,0.0,0.0,0.0,0.0,0.0,0.0,0.0,0.0,0.0,0.0,0.0,0.0,0.0,0.0,0.0,0.0,0.0,0.0,0.0,0.0,0.0,0.0,1.0,1,NeuroNation - Brain Training & Brain Games,https://play.google.com/store/apps/details?id=air.nn.mobile.app.main
329,1.0,15916.830305217984,0.0,4.250829360699497,6.0,12.0,0.0,0.0,0.0,0.0,0.0,0.0,0.0,1.0,0.0,0.0,0.0,0.0,0.0,0.0,0.0,0.0,0.0,0.0,0.0,0.0,0.0,0.0,0.0,0.0,0.0,0.0,0.0,1,Trivia Crack,https://play.google.com/store/apps/details?id=com.etermax.preguntados.lite
330,1.0,6100.0,0.0,1.2,62.0,10.0,0.0,0.0,0.0,0.0,0.0,0.0,0.0,1.0,0.0,0.0,0.0,0.0,0.0,0.0,0.0,0.0,0.0,0.0,0.0,0.0,0.0,0.0,0.0,0.0,0.0,0.0,1.0,0,Word Games,https://play.google.com/store/apps/details?id=com.peoplefun.wordcross
332,1.0,56000.0,0.0,1.3,547.0,12.0,0.0,0.0,0.0,0.0,0.0,0.0,0.0,1.0,0.0,0.0,0.0,0.0,0.0,0.0,0.0,0.0,0.0,0.0,0.0,0.0,0.0,0.0,0.0,0.0,0.0,0.0,1.0,1,Transmission,https://play.google.com/store/apps/details?id=com.ap.transmission.btc
333,1.0,14000.0,0.0,7.9,17.0,29.0,0.0,0.0,0.0,0.0,0.0,0.0,0.0,1.0,0.0,0.0,0.0,0.0,0.0,0.0,0.0,0.0,0.0,0.0,0.0,0.0,0.0,0.0,0.0,0.0,0.0,0.0,1.0,1,Jane's Farm: interesting game,https://play.google.com/store/apps/details?id=com.realore.FarmUp
334,1.0,23000.0,0.0,0.2,41.0,11.0,0.0,0.0,0.0,0.0,0.0,0.0,0.0,1.0,0.0,0.0,0.0,0.0,0.0,0.0,0.0,0.0,0.0,0.0,0.0,0.0,0.0,0.0,0.0,0.0,0.0,0.0,1.0,1,Brain Games,https://play.google.com/store/apps/details?id=jalfonso.brain.games
338,1.0,15916.830305217984,0.0,3.2,22.0,29.0,0.0,0.0,0.0,1.0,0.0,0.0,0.0,0.0,0.0,0.0,0.0,0.0,0.0,0.0,0.0,0.0,0.0,0.0,0.0,0.0,0.0,0.0,0.0,0.0,0.0,0.0,1.0,1,Peak � Brain Games & Training,https://play.google.com/store/apps/details?id=com.brainbow.peak.app
339,1.0,64000.0,0.0,4.0,48.0,6.0,0.0,0.0,0.0,0.0,0.0,0.0,0.0,1.0,0.0,0.0,0.0,0.0,0.0,0.0,0.0,0.0,0.0,0.0,0.0,0.0,0.0,0.0,0.0,0.0,0.0,0.0,1.0,1,QuizUp,https://play.google.com/store/apps/details?id=com.quizup.core
340,1.0,26000.0,0.0,2.4,890.0,15.0,0.0,0.0,0.0,0.0,0.0,0.0,0.0,1.0,0.0,0.0,0.0,0.0,0.0,0.0,0.0,0.0,0.0,0.0,0.0,0.0,0.0,0.0,0.0,0.0,0.0,0.0,1.0,1,Word Crack Free,https://play.google.com/store/apps/details?id=com.etermax.wordcrack.lite
341,1.0,8300.0,0.0,2.8,52.0,11.0,0.0,0.0,0.0,0.0,0.0,0.0,0.0,1.0,0.0,0.0,0.0,0.0,0.0,0.0,0.0,0.0,0.0,0.0,0.0,0.0,0.0,0.0,0.0,0.0,0.0,0.0,1.0,1,Sudoku Free,https://play.google.com/store/apps/details?id=easy.sudoku.puzzle.solver.free
342,1.0,31000.0,0.0,2.0,288.0,20.0,0.0,0.0,0.0,0.0,0.0,0.0,0.0,1.0,0.0,0.0,0.0,0.0,0.0,0.0,0.0,0.0,0.0,0.0,0.0,0.0,0.0,0.0,0.0,0.0,0.0,0.0,1.0,1,Puzzles with Matches,https://play.google.com/store/apps/details?id=com.celticspear.matches
343,1.0,47000.0,0.0,6.4,8.0,20.0,0.0,0.0,0.0,0.0,0.0,0.0,0.0,1.0,0.0,0.0,0.0,0.0,0.0,0.0,0.0,0.0,0.0,0.0,0.0,0.0,0.0,0.0,0.0,0.0,0.0,0.0,1.0,1,AdVenture Capitalist,https://play.google.com/store/apps/details?id=com.kongregate.mobile.adventurecapitalist.google
344,1.0,14000.0,0.0,3.1,106.0,10.0,0.0,0.0,0.0,0.0,0.0,0.0,0.0,1.0,0.0,0.0,0.0,0.0,0.0,0.0,0.0,0.0,0.0,0.0,0.0,0.0,0.0,0.0,0.0,0.0,0.0,0.0,1.0,1,Mind Games,https://play.google.com/store/apps/details?id=mindware.mindgames
345,1.0,29000.0,0.0,1.0,24.0,20.0,0.0,0.0,0.0,0.0,0.0,0.0,0.0,1.0,0.0,0.0,0.0,0.0,0.0,0.0,0.0,0.0,0.0,0.0,0.0,0.0,0.0,0.0,0.0,0.0,0.0,0.0,1.0,1,PowerVocab Word Game,https://play.google.com/store/apps/details?id=mindware.wordgames
346,1.0,13000.0,0.0,1.6,35.0,15.0,0.0,0.0,0.0,0.0,0.0,0.0,0.0,1.0,0.0,0.0,0.0,0.0,0.0,0.0,0.0,0.0,0.0,0.0,0.0,0.0,0.0,0.0,0.0,0.0,0.0,0.0,1.0,1,Unblock Me FREE,https://play.google.com/store/apps/details?id=com.kiragames.unblockmefree
347,1.0,43000.0,0.0,1.3,142.0,12.0,0.0,0.0,0.0,0.0,0.0,0.0,0.0,1.0,0.0,0.0,0.0,0.0,0.0,0.0,0.0,0.0,0.0,0.0,0.0,0.0,0.0,0.0,0.0,0.0,0.0,0.0,1.0,0,Logic Traces,https://play.google.com/store/apps/details?id=com.kongregate.mobile.logictraces.google
348,1.0,11000.0,0.0,2.0,109.0,16.0,0.0,0.0,0.0,0.0,0.0,0.0,0.0,1.0,0.0,0.0,0.0,0.0,0.0,0.0,0.0,0.0,0.0,0.0,0.0,0.0,0.0,0.0,0.0,0.0,0.0,0.0,1.0,1,Flow Free: Hexes,https://play.google.com/store/apps/details?id=com.bigduckgames.flowhexes
349,1.0,41000.0,0.0,1.7,958.0,11.0,0.0,0.0,0.0,0.0,0.0,0.0,0.0,1.0,0.0,0.0,0.0,0.0,0.0,0.0,0.0,0.0,0.0,0.0,0.0,0.0,0.0,0.0,0.0,0.0,0.0,0.0,1.0,1,Ramen Chain,https://play.google.com/store/apps/details?id=com.Touchten.RamenChain
350,1.0,15916.830305217984,0.0,4.250829360699497,2.0,9.0,0.0,0.0,0.0,0.0,0.0,0.0,0.0,1.0,0.0,0.0,0.0,0.0,0.0,0.0,0.0,0.0,0.0,0.0,0.0,0.0,0.0,0.0,0.0,0.0,0.0,0.0,0.0,1,WordBrain,https://play.google.com/store/apps/details?id=se.maginteractive.wordbrain
351,1.0,46000.0,0.0,1.1,74.0,47.0,0.0,0.0,0.0,0.0,0.0,0.0,0.0,1.0,0.0,0.0,0.0,0.0,0.0,0.0,0.0,0.0,0.0,0.0,0.0,0.0,0.0,0.0,0.0,0.0,0.0,0.0,1.0,1,Puzzle Kids - Animals Shapes and Jigsaw Puzzles,https://play.google.com/store/apps/details?id=com.rvappstudios.jigsaw.puzzles.kids
352,1.0,15916.830305217984,0.0,4.250829360699497,194.0,45.0,0.0,0.0,0.0,0.0,0.0,0.0,0.0,1.0,0.0,0.0,0.0,0.0,0.0,0.0,0.0,0.0,0.0,0.0,0.0,0.0,0.0,0.0,0.0,0.0,0.0,0.0,0.0,0,"World Citizen: Country, Capital & Flag Trivia",https://play.google.com/store/apps/details?id=com.praveenj.flag
353,1.0,15916.830305217984,0.0,4.250829360699497,22.0,45.0,0.0,0.0,0.0,0.0,0.0,0.0,0.0,1.0,0.0,0.0,0.0,0.0,0.0,0.0,0.0,0.0,0.0,0.0,0.0,0.0,0.0,0.0,0.0,0.0,0.0,0.0,1.0,1,Cookie Jam - Match 3 Games & Free Puzzle Game,https://play.google.com/store/apps/details?id=air.com.sgn.cookiejam.gp
354,1.0,15916.830305217984,0.0,4.250829360699497,8.0,11.0,0.0,0.0,0.0,0.0,0.0,0.0,0.0,1.0,0.0,0.0,0.0,0.0,0.0,0.0,0.0,0.0,0.0,0.0,0.0,0.0,0.0,0.0,0.0,0.0,0.0,0.0,0.0,1,Ruzzle Free,https://play.google.com/store/apps/details?id=se.maginteractive.rumble.free
356,1.0,52000.0,0.0,2.4,77.0,10.0,0.0,0.0,0.0,0.0,0.0,0.0,0.0,1.0,0.0,0.0,0.0,0.0,0.0,0.0,0.0,0.0,0.0,0.0,0.0,0.0,0.0,0.0,0.0,0.0,0.0,0.0,1.0,1,Word Chums,https://play.google.com/store/apps/details?id=com.peoplefun.wordchums
358,1.0,15916.830305217984,0.0,4.250829360699497,589.0,14.0,0.0,0.0,0.0,0.0,0.0,0.0,0.0,1.0,0.0,0.0,0.0,0.0,0.0,0.0,0.0,0.0,0.0,0.0,0.0,0.0,0.0,0.0,0.0,0.0,0.0,0.0,0.0,1,Little Alchemy,https://play.google.com/store/apps/details?id=com.sometimeswefly.littlealchemy
359,1.0,15916.830305217984,0.0,4.250829360699497,40.0,50.0,0.0,0.0,0.0,1.0,0.0,0.0,0.0,0.0,0.0,0.0,0.0,0.0,0.0,0.0,0.0,0.0,0.0,0.0,0.0,0.0,0.0,0.0,0.0,0.0,0.0,0.0,1.0,1,Learn English with Johnny Grammar's Word Challenge,https://play.google.com/store/apps/details?id=com.ubl.spellmaster
360,1.0,15916.830305217984,0.0,4.250829360699497,297.0,34.0,0.0,0.0,0.0,0.0,0.0,0.0,0.0,1.0,0.0,0.0,0.0,0.0,0.0,0.0,0.0,0.0,0.0,0.0,0.0,0.0,0.0,0.0,0.0,0.0,0.0,0.0,0.0,1,GRE Vocabulary Builder - Test Prep,https://play.google.com/store/apps/details?id=com.magoosh.gre.quiz.vocabulary
361,1.0,15916.830305217984,0.0,4.250829360699497,169.0,23.0,0.0,0.0,0.0,0.0,0.0,0.0,0.0,1.0,0.0,0.0,0.0,0.0,0.0,0.0,0.0,0.0,0.0,0.0,0.0,0.0,0.0,0.0,0.0,0.0,0.0,0.0,0.0,1,Bridge Constructor FREE,https://play.google.com/store/apps/details?id=com.headupgames.bridgeconstructorfreeversion
362,1.0,55000.0,0.0,4.0,24.0,45.0,0.0,1.0,0.0,0.0,0.0,0.0,0.0,0.0,0.0,0.0,0.0,0.0,0.0,0.0,0.0,0.0,0.0,0.0,0.0,0.0,0.0,0.0,0.0,0.0,0.0,0.0,1.0,1,CareerBuilder: Find A Job & Job Opportunities,https://play.google.com/store/apps/details?id=vn.careerbuilder.android.app
363,1.0,15916.830305217984,0.0,4.250829360699497,48.0,28.0,0.0,0.0,0.0,0.0,0.0,0.0,0.0,0.0,0.0,0.0,0.0,0.0,0.0,0.0,0.0,0.0,0.0,1.0,0.0,0.0,0.0,0.0,0.0,0.0,0.0,0.0,0.0,1,aCalendar - Android Calendar,https://play.google.com/store/apps/details?id=org.withouthat.acalendar
364,1.0,2000.0,0.0,1.2,42.0,30.0,0.0,0.0,0.0,0.0,0.0,0.0,0.0,0.0,0.0,0.0,0.0,0.0,0.0,0.0,0.0,0.0,0.0,1.0,0.0,0.0,0.0,0.0,0.0,0.0,0.0,0.0,1.0,1,Calendar Widget Month + Agenda,https://play.google.com/store/apps/details?id=com.itbenefit.android.calendar
365,1.0,15916.830305217984,0.0,4.250829360699497,15.0,15.0,0.0,0.0,0.0,0.0,0.0,0.0,0.0,0.0,0.0,0.0,0.0,0.0,0.0,0.0,0.0,0.0,0.0,1.0,0.0,0.0,0.0,0.0,0.0,0.0,0.0,0.0,0.0,1,Microsoft Excel,https://play.google.com/store/apps/details?id=com.microsoft.office.excel
366,1.0,15916.830305217984,0.0,4.250829360699497,8.0,48.0,0.0,1.0,0.0,0.0,0.0,0.0,0.0,0.0,0.0,0.0,0.0,0.0,0.0,0.0,0.0,0.0,0.0,0.0,0.0,0.0,0.0,0.0,0.0,0.0,0.0,0.0,0.0,1,SignEasy | Sign and Fill PDF and other Documents,https://play.google.com/store/apps/details?id=com.glykka.easysign
367,1.0,40000.0,0.0,4.0,121.0,30.0,0.0,1.0,0.0,0.0,0.0,0.0,0.0,0.0,0.0,0.0,0.0,0.0,0.0,0.0,0.0,0.0,0.0,0.0,0.0,0.0,0.0,0.0,0.0,0.0,0.0,0.0,1.0,1,Tiny Scanner - PDF Scanner App,https://play.google.com/store/apps/details?id=com.appxy.tinyscanner
